date,location,product,liftings
2026-02-28,A,PREM,27431.0
2026-02-28,A,REG,54170.0
2026-02-28,A,ULSD,69051.0
2026-02-28,B,PREM,32135.0
2026-02-28,B,REG,52663.0
2026-02-28,B,ULSD,62708.0
2026-02-28,C,PREM,34079.0
2026-02-28,C,REG,46615.0
2026-02-28,C,ULSD,60309.0
2026-03-01,A,PREM,33916.0
2026-03-01,A,REG,51188.0
2026-03-01,A,ULSD,73473.0
2026-03-01,B,PREM,32770.0
2026-03-01,B,REG,53878.0
2026-03-01,B,ULSD,77460.0
2026-03-01,C,PREM,29608.0
2026-03-01,C,REG,44763.0
2026-03-01,C,ULSD,65028.0
2026-03-02,A,PREM,32292.0
2026-03-02,A,REG,52669.0
2026-03-02,A,ULSD,79424.0
2026-03-02,B,PREM,28379.0
2026-03-02,B,REG,44787.0
2026-03-02,B,ULSD,60225.0
2026-03-02,C,PREM,30469.0
2026-03-02,C,REG,55155.0
2026-03-02,C,ULSD,71120.0
2026-03-03,A,PREM,25885.0
2026-03-03,A,REG,50414.0
2026-03-03,A,ULSD,70889.0
2026-03-03,B,PREM,34224.0
2026-03-03,B,REG,55880.0
2026-03-03,B,ULSD,68170.0
2026-03-03,C,PREM,33294.0
2026-03-03,C,REG,49843.0
2026-03-03,C,ULSD,75360.0
2026-03-04,A,PREM,34490.0
2026-03-04,A,REG,48825.0
2026-03-04,A,ULSD,65423.0
2026-03-04,B,PREM,33200.0
2026-03-04,B,REG,55165.0
2026-03-04,B,ULSD,72068.0
2026-03-04,C,PREM,34064.0
2026-03-04,C,REG,44970.0
2026-03-04,C,ULSD,79078.0
2026-03-05,A,PREM,27950.0
2026-03-05,A,REG,46865.0
2026-03-05,A,ULSD,71363.0
2026-03-05,B,PREM,31106.0
2026-03-05,B,REG,57400.0
2026-03-05,B,ULSD,64032.0
2026-03-05,C,PREM,26521.0
2026-03-05,C,REG,43226.0
2026-03-05,C,ULSD,73781.0
2026-03-06,A,PREM,27221.0
2026-03-06,A,REG,57490.0
2026-03-06,A,ULSD,60871.0
2026-03-06,B,PREM,27879.0
2026-03-06,B,REG,47405.0
2026-03-06,B,ULSD,67108.0
2026-03-06,C,PREM,31252.0
2026-03-06,C,REG,44010.0
2026-03-06,C,ULSD,64615.0
2026-03-07,A,PREM,31175.0
2026-03-07,A,REG,42637.0
2026-03-07,A,ULSD,78674.0
2026-03-07,B,PREM,32140.0
2026-03-07,B,REG,50586.0
2026-03-07,B,ULSD,61909.0
2026-03-07,C,PREM,25996.0
2026-03-07,C,REG,45666.0
2026-03-07,C,ULSD,74520.0
2026-03-08,A,PREM,26250.0
2026-03-08,A,REG,55943.0
2026-03-08,A,ULSD,73308.0
2026-03-08,B,PREM,29869.0
2026-03-08,B,REG,47749.0
2026-03-08,B,ULSD,65811.0
2026-03-08,C,PREM,27287.0
2026-03-08,C,REG,56641.0
2026-03-08,C,ULSD,74880.0
2026-03-09,A,PREM,30347.0
2026-03-09,A,REG,53470.0
2026-03-09,A,ULSD,72359.0
2026-03-09,B,PREM,26259.0
2026-03-09,B,REG,45773.0
2026-03-09,B,ULSD,66219.0
2026-03-09,C,PREM,30931.0
2026-03-09,C,REG,51823.0
2026-03-09,C,ULSD,71275.0
2026-03-10,A,PREM,34386.0
2026-03-10,A,REG,46879.0
2026-03-10,A,ULSD,75105.0
2026-03-10,B,PREM,27678.0
2026-03-10,B,REG,56129.0
2026-03-10,B,ULSD,65776.0
2026-03-10,C,PREM,26480.0
2026-03-10,C,REG,56517.0
2026-03-10,C,ULSD,77157.0
2026-03-11,A,PREM,31940.0
2026-03-11,A,REG,55909.0
2026-03-11,A,ULSD,66742.0
2026-03-11,B,PREM,30914.0
2026-03-11,B,REG,43751.0
2026-03-11,B,ULSD,73102.0
2026-03-11,C,PREM,26283.0
2026-03-11,C,REG,50850.0
2026-03-11,C,ULSD,69821.0
2026-03-12,A,PREM,25517.0
2026-03-12,A,REG,48170.0
2026-03-12,A,ULSD,59565.0
2026-03-12,B,PREM,25968.0
2026-03-12,B,REG,49260.0
2026-03-12,B,ULSD,77568.0
2026-03-12,C,PREM,25564.0
2026-03-12,C,REG,45641.0
2026-03-12,C,ULSD,62607.0
2026-03-13,A,PREM,34179.0
2026-03-13,A,REG,53895.0
2026-03-13,A,ULSD,66804.0
2026-03-13,B,PREM,33319.0
2026-03-13,B,REG,43644.0
2026-03-13,B,ULSD,62340.0
2026-03-13,C,PREM,29117.0
2026-03-13,C,REG,50844.0
2026-03-13,C,ULSD,62124.0
2026-03-14,A,PREM,29128.0
2026-03-14,A,REG,47604.0
2026-03-14,A,ULSD,61724.0
2026-03-14,B,PREM,29141.0
2026-03-14,B,REG,51387.0
2026-03-14,B,ULSD,61535.0
2026-03-14,C,PREM,29775.0
2026-03-14,C,REG,54626.0
2026-03-14,C,ULSD,73144.0
2026-03-15,A,PREM,28067.0
2026-03-15,A,REG,47973.0
2026-03-15,A,ULSD,71711.0
2026-03-15,B,PREM,30402.0
2026-03-15,B,REG,45756.0
2026-03-15,B,ULSD,76785.0
2026-03-15,C,PREM,30816.0
2026-03-15,C,REG,44013.0
2026-03-15,C,ULSD,78156.0
2026-03-16,A,PREM,34398.0
2026-03-16,A,REG,48809.0
2026-03-16,A,ULSD,73999.0
2026-03-16,B,PREM,31996.0
2026-03-16,B,REG,45304.0
2026-03-16,B,ULSD,70335.0
2026-03-16,C,PREM,31818.0
2026-03-16,C,REG,51471.0
2026-03-16,C,ULSD,64056.0
2026-03-17,A,PREM,29851.0
2026-03-17,A,REG,48358.0
2026-03-17,A,ULSD,68231.0
2026-03-17,B,PREM,33139.0
2026-03-17,B,REG,48195.0
2026-03-17,B,ULSD,68190.0
2026-03-17,C,PREM,28368.0
2026-03-17,C,REG,52597.0
2026-03-17,C,ULSD,78386.0
2026-03-18,A,PREM,29888.0
2026-03-18,A,REG,50014.0
2026-03-18,A,ULSD,75711.0
2026-03-18,B,PREM,32246.0
2026-03-18,B,REG,53377.0
2026-03-18,B,ULSD,73322.0
2026-03-18,C,PREM,28930.0
2026-03-18,C,REG,56925.0
2026-03-18,C,ULSD,61398.0
2026-03-19,A,PREM,32087.0
2026-03-19,A,REG,45756.0
2026-03-19,A,ULSD,66266.0
2026-03-19,B,PREM,32218.0
2026-03-19,B,REG,51183.0
2026-03-19,B,ULSD,75397.0
2026-03-19,C,PREM,29706.0
2026-03-19,C,REG,49120.0
2026-03-19,C,ULSD,78423.0
2026-03-20,A,PREM,28468.0
2026-03-20,A,REG,50631.0
2026-03-20,A,ULSD,60701.0
2026-03-20,B,PREM,25911.0
2026-03-20,B,REG,44720.0
2026-03-20,B,ULSD,75849.0
2026-03-20,C,PREM,33782.0
2026-03-20,C,REG,43247.0
2026-03-20,C,ULSD,75249.0
2026-03-21,A,PREM,32669.0
2026-03-21,A,REG,51080.0
2026-03-21,A,ULSD,70095.0
2026-03-21,B,PREM,26338.0
2026-03-21,B,REG,45899.0
2026-03-21,B,ULSD,62702.0
2026-03-21,C,PREM,26856.0
2026-03-21,C,REG,48323.0
2026-03-21,C,ULSD,75772.0
2026-03-22,A,PREM,26395.0
2026-03-22,A,REG,54934.0
2026-03-22,A,ULSD,73520.0
2026-03-22,B,PREM,26014.0
2026-03-22,B,REG,47283.0
2026-03-22,B,ULSD,70926.0
2026-03-22,C,PREM,29689.0
2026-03-22,C,REG,46129.0
2026-03-22,C,ULSD,61248.0
2026-03-23,A,PREM,31444.0
2026-03-23,A,REG,51542.0
2026-03-23,A,ULSD,74925.0
2026-03-23,B,PREM,30788.0
2026-03-23,B,REG,49045.0
2026-03-23,B,ULSD,64036.0
2026-03-23,C,PREM,28687.0
2026-03-23,C,REG,43457.0
2026-03-23,C,ULSD,73112.0
2026-03-24,A,PREM,30806.0
2026-03-24,A,REG,43468.0
2026-03-24,A,ULSD,79163.0
2026-03-24,B,PREM,29200.0
2026-03-24,B,REG,56687.0
2026-03-24,B,ULSD,68111.0
2026-03-24,C,PREM,28537.0
2026-03-24,C,REG,47044.0
2026-03-24,C,ULSD,59605.0
2026-03-25,A,PREM,34226.0
2026-03-25,A,REG,52141.0
2026-03-25,A,ULSD,73832.0
2026-03-25,B,PREM,34388.0
2026-03-25,B,REG,43462.0
2026-03-25,B,ULSD,74306.0
2026-03-25,C,PREM,30758.0
2026-03-25,C,REG,43877.0
2026-03-25,C,ULSD,75802.0
2026-03-26,A,PREM,26217.0
2026-03-26,A,REG,46894.0
2026-03-26,A,ULSD,74702.0
2026-03-26,B,PREM,34282.0
2026-03-26,B,REG,50665.0
2026-03-26,B,ULSD,77742.0
2026-03-26,C,PREM,27731.0
2026-03-26,C,REG,47828.0
2026-03-26,C,ULSD,80129.0
2026-03-27,A,PREM,26583.0
2026-03-27,A,REG,53222.0
2026-03-27,A,ULSD,60496.0
2026-03-27,B,PREM,26405.0
2026-03-27,B,REG,50394.0
2026-03-27,B,ULSD,67005.0
2026-03-27,C,PREM,26176.0
2026-03-27,C,REG,43250.0
2026-03-27,C,ULSD,72392.0
2026-03-28,A,PREM,29433.0
2026-03-28,A,REG,51929.0
2026-03-28,A,ULSD,67304.0
2026-03-28,B,PREM,29937.0
2026-03-28,B,REG,49718.0
2026-03-28,B,ULSD,75118.0
2026-03-28,C,PREM,30629.0
2026-03-28,C,REG,56540.0
2026-03-28,C,ULSD,79300.0
2026-03-29,A,PREM,34116.0
2026-03-29,A,REG,50529.0
2026-03-29,A,ULSD,68407.0
2026-03-29,B,PREM,32786.0
2026-03-29,B,REG,47135.0
2026-03-29,B,ULSD,76883.0
2026-03-29,C,PREM,26916.0
2026-03-29,C,REG,44948.0
2026-03-29,C,ULSD,77525.0
2026-03-30,A,PREM,27326.0
2026-03-30,A,REG,48135.0
2026-03-30,A,ULSD,78015.0
2026-03-30,B,PREM,32917.0
2026-03-30,B,REG,53686.0
2026-03-30,B,ULSD,71941.0
2026-03-30,C,PREM,33511.0
2026-03-30,C,REG,43940.0
2026-03-30,C,ULSD,60921.0
2026-03-31,A,PREM,32367.0
2026-03-31,A,REG,55055.0
2026-03-31,A,ULSD,61445.0
2026-03-31,B,PREM,32557.0
2026-03-31,B,REG,55949.0
2026-03-31,B,ULSD,60774.0
2026-03-31,C,PREM,28922.0
2026-03-31,C,REG,48815.0
2026-03-31,C,ULSD,64953.0
2026-04-01,A,PREM,28367.0
2026-04-01,A,REG,47109.0
2026-04-01,A,ULSD,73345.0
2026-04-01,B,PREM,32575.0
2026-04-01,B,REG,53136.0
2026-04-01,B,ULSD,59646.0
2026-04-01,C,PREM,34191.0
2026-04-01,C,REG,57360.0
2026-04-01,C,ULSD,64361.0
2026-04-02,A,PREM,27765.0
2026-04-02,A,REG,47776.0
2026-04-02,A,ULSD,78187.0
2026-04-02,B,PREM,26227.0
2026-04-02,B,REG,50825.0
2026-04-02,B,ULSD,75308.0
2026-04-02,C,PREM,27249.0
2026-04-02,C,REG,57051.0
2026-04-02,C,ULSD,64614.0
2026-04-03,A,PREM,25748.0
2026-04-03,A,REG,42598.0
2026-04-03,A,ULSD,76800.0
2026-04-03,B,PREM,28420.0
2026-04-03,B,REG,43193.0
2026-04-03,B,ULSD,73714.0
2026-04-03,C,PREM,28478.0
2026-04-03,C,REG,49150.0
2026-04-03,C,ULSD,68468.0
2026-04-04,A,PREM,28951.0
2026-04-04,A,REG,53706.0
2026-04-04,A,ULSD,71184.0
2026-04-04,B,PREM,28051.0
2026-04-04,B,REG,55261.0
2026-04-04,B,ULSD,67541.0
2026-04-04,C,PREM,30873.0
2026-04-04,C,REG,50332.0
2026-04-04,C,ULSD,66315.0
2026-04-05,A,PREM,27506.0
2026-04-05,A,REG,46242.0
2026-04-05,A,ULSD,80317.0
2026-04-05,B,PREM,33293.0
2026-04-05,B,REG,47098.0
2026-04-05,B,ULSD,79505.0
2026-04-05,C,PREM,34477.0
2026-04-05,C,REG,52155.0
2026-04-05,C,ULSD,76076.0
2026-04-06,A,PREM,28457.0
2026-04-06,A,REG,43512.0
2026-04-06,A,ULSD,80287.0
2026-04-06,B,PREM,25966.0
2026-04-06,B,REG,45507.0
2026-04-06,B,ULSD,60401.0
2026-04-06,C,PREM,29291.0
2026-04-06,C,REG,42825.0
2026-04-06,C,ULSD,78508.0
2026-04-07,A,PREM,27914.0
2026-04-07,A,REG,51165.0
2026-04-07,A,ULSD,74812.0
2026-04-07,B,PREM,31152.0
2026-04-07,B,REG,43854.0
2026-04-07,B,ULSD,73030.0
2026-04-07,C,PREM,33450.0
2026-04-07,C,REG,48752.0
2026-04-07,C,ULSD,67330.0
2026-04-08,A,PREM,33620.0
2026-04-08,A,REG,50196.0
2026-04-08,A,ULSD,77713.0
2026-04-08,B,PREM,28084.0
2026-04-08,B,REG,47408.0
2026-04-08,B,ULSD,79271.0
2026-04-08,C,PREM,25884.0
2026-04-08,C,REG,52184.0
2026-04-08,C,ULSD,76871.0
2026-04-09,A,PREM,34463.0
2026-04-09,A,REG,53312.0
2026-04-09,A,ULSD,77624.0
2026-04-09,B,PREM,31859.0
2026-04-09,B,REG,56475.0
2026-04-09,B,ULSD,64888.0
2026-04-09,C,PREM,27447.0
2026-04-09,C,REG,44361.0
2026-04-09,C,ULSD,66324.0
2026-04-10,A,PREM,29925.0
2026-04-10,A,REG,46978.0
2026-04-10,A,ULSD,71121.0
2026-04-10,B,PREM,27009.0
2026-04-10,B,REG,50144.0
2026-04-10,B,ULSD,61306.0
2026-04-10,C,PREM,33607.0
2026-04-10,C,REG,52785.0
2026-04-10,C,ULSD,69861.0
2026-04-11,A,PREM,33675.0
2026-04-11,A,REG,42699.0
2026-04-11,A,ULSD,74261.0
2026-04-11,B,PREM,32462.0
2026-04-11,B,REG,53756.0
2026-04-11,B,ULSD,73330.0
2026-04-11,C,PREM,30385.0
2026-04-11,C,REG,50116.0
2026-04-11,C,ULSD,67580.0
2026-04-12,A,PREM,31244.0
2026-04-12,A,REG,47087.0
2026-04-12,A,ULSD,75503.0
2026-04-12,B,PREM,29161.0
2026-04-12,B,REG,48439.0
2026-04-12,B,ULSD,69092.0
2026-04-12,C,PREM,26528.0
2026-04-12,C,REG,49336.0
2026-04-12,C,ULSD,61193.0
2026-04-13,A,PREM,28921.0
2026-04-13,A,REG,42591.0
2026-04-13,A,ULSD,69740.0
2026-04-13,B,PREM,33793.0
2026-04-13,B,REG,47021.0
2026-04-13,B,ULSD,69180.0
2026-04-13,C,PREM,34120.0
2026-04-13,C,REG,50642.0
2026-04-13,C,ULSD,66226.0
2026-04-14,A,PREM,29574.0
2026-04-14,A,REG,55087.0
2026-04-14,A,ULSD,80459.0
2026-04-14,B,PREM,32751.0
2026-04-14,B,REG,46049.0
2026-04-14,B,ULSD,69155.0
2026-04-14,C,PREM,31399.0
2026-04-14,C,REG,48625.0
2026-04-14,C,ULSD,64718.0
2026-04-15,A,PREM,34224.0
2026-04-15,A,REG,57257.0
2026-04-15,A,ULSD,65155.0
2026-04-15,B,PREM,31316.0
2026-04-15,B,REG,51229.0
2026-04-15,B,ULSD,60551.0
2026-04-15,C,PREM,29444.0
2026-04-15,C,REG,54696.0
2026-04-15,C,ULSD,71132.0
2026-04-16,A,PREM,26503.0
2026-04-16,A,REG,44885.0
2026-04-16,A,ULSD,73001.0
2026-04-16,B,PREM,30639.0
2026-04-16,B,REG,57376.0
2026-04-16,B,ULSD,67733.0
2026-04-16,C,PREM,31832.0
2026-04-16,C,REG,54003.0
2026-04-16,C,ULSD,61596.0
2026-04-17,A,PREM,29224.0
2026-04-17,A,REG,46620.0
2026-04-17,A,ULSD,71833.0
2026-04-17,B,PREM,27334.0
2026-04-17,B,REG,46177.0
2026-04-17,B,ULSD,60794.0
2026-04-17,C,PREM,28969.0
2026-04-17,C,REG,46218.0
2026-04-17,C,ULSD,67645.0
2026-04-18,A,PREM,29331.0
2026-04-18,A,REG,51563.0
2026-04-18,A,ULSD,65996.0
2026-04-18,B,PREM,32114.0
2026-04-18,B,REG,52435.0
2026-04-18,B,ULSD,80395.0
2026-04-18,C,PREM,29510.0
2026-04-18,C,REG,48754.0
2026-04-18,C,ULSD,67697.0
2026-04-19,A,PREM,32736.0
2026-04-19,A,REG,53455.0
2026-04-19,A,ULSD,59773.0
2026-04-19,B,PREM,32857.0
2026-04-19,B,REG,53029.0
2026-04-19,B,ULSD,59673.0
2026-04-19,C,PREM,31974.0
2026-04-19,C,REG,47356.0
2026-04-19,C,ULSD,78390.0
2026-04-20,A,PREM,25924.0
2026-04-20,A,REG,48922.0
2026-04-20,A,ULSD,77820.0
2026-04-20,B,PREM,31015.0
2026-04-20,B,REG,47720.0
2026-04-20,B,ULSD,80134.0
2026-04-20,C,PREM,28671.0
2026-04-20,C,REG,54870.0
2026-04-20,C,ULSD,64707.0
2026-04-21,A,PREM,30665.0
2026-04-21,A,REG,42541.0
2026-04-21,A,ULSD,67709.0
2026-04-21,B,PREM,26118.0
2026-04-21,B,REG,42592.0
2026-04-21,B,ULSD,80421.0
2026-04-21,C,PREM,33445.0
2026-04-21,C,REG,50566.0
2026-04-21,C,ULSD,68392.0
2026-04-22,A,PREM,31170.0
2026-04-22,A,REG,42572.0
2026-04-22,A,ULSD,68041.0
2026-04-22,B,PREM,34390.0
2026-04-22,B,REG,55641.0
2026-04-22,B,ULSD,80197.0
2026-04-22,C,PREM,31866.0
2026-04-22,C,REG,48333.0
2026-04-22,C,ULSD,73958.0
2026-04-23,A,PREM,25588.0
2026-04-23,A,REG,51187.0
2026-04-23,A,ULSD,66785.0
2026-04-23,B,PREM,29097.0
2026-04-23,B,REG,49889.0
2026-04-23,B,ULSD,72833.0
2026-04-23,C,PREM,31614.0
2026-04-23,C,REG,49080.0
2026-04-23,C,ULSD,78491.0
2026-04-24,A,PREM,26049.0
2026-04-24,A,REG,48694.0
2026-04-24,A,ULSD,66088.0
2026-04-24,B,PREM,25628.0
2026-04-24,B,REG,50669.0
2026-04-24,B,ULSD,71186.0
2026-04-24,C,PREM,31608.0
2026-04-24,C,REG,51515.0
2026-04-24,C,ULSD,60787.0
2026-04-25,A,PREM,29235.0
2026-04-25,A,REG,54960.0
2026-04-25,A,ULSD,78841.0
2026-04-25,B,PREM,32725.0
2026-04-25,B,REG,47982.0
2026-04-25,B,ULSD,68649.0
2026-04-25,C,PREM,26748.0
2026-04-25,C,REG,50809.0
2026-04-25,C,ULSD,71202.0
2026-04-26,A,PREM,26190.0
2026-04-26,A,REG,52654.0
2026-04-26,A,ULSD,60885.0
2026-04-26,B,PREM,34178.0
2026-04-26,B,REG,54217.0
2026-04-26,B,ULSD,71382.0
2026-04-26,C,PREM,32410.0
2026-04-26,C,REG,55382.0
2026-04-26,C,ULSD,59544.0
2026-04-27,A,PREM,29649.0
2026-04-27,A,REG,44837.0
2026-04-27,A,ULSD,67332.0
2026-04-27,B,PREM,33570.0
2026-04-27,B,REG,54130.0
2026-04-27,B,ULSD,70571.0
2026-04-27,C,PREM,31381.0
2026-04-27,C,REG,55593.0
2026-04-27,C,ULSD,76221.0
2026-04-28,A,PREM,34490.0
2026-04-28,A,REG,53264.0
2026-04-28,A,ULSD,61426.0
2026-04-28,B,PREM,26240.0
2026-04-28,B,REG,45243.0
2026-04-28,B,ULSD,74460.0
2026-04-28,C,PREM,33960.0
2026-04-28,C,REG,56579.0
2026-04-28,C,ULSD,59873.0
2026-04-29,A,PREM,31434.0
2026-04-29,A,REG,47181.0
2026-04-29,A,ULSD,69605.0
2026-04-29,B,PREM,30453.0
2026-04-29,B,REG,45029.0
2026-04-29,B,ULSD,77479.0
2026-04-29,C,PREM,25651.0
2026-04-29,C,REG,47598.0
2026-04-29,C,ULSD,59785.0
2026-04-30,A,PREM,29986.0
2026-04-30,A,REG,50082.0
2026-04-30,A,ULSD,78129.0
2026-04-30,B,PREM,29095.0
2026-04-30,B,REG,44536.0
2026-04-30,B,ULSD,61500.0
2026-04-30,C,PREM,28221.0
2026-04-30,C,REG,50460.0
2026-04-30,C,ULSD,76504.0
2026-05-01,A,PREM,33363.0
2026-05-01,A,REG,44824.0
2026-05-01,A,ULSD,79951.0
2026-05-01,B,PREM,29708.0
2026-05-01,B,REG,47160.0
2026-05-01,B,ULSD,77327.0
2026-05-01,C,PREM,30820.0
2026-05-01,C,REG,55866.0
2026-05-01,C,ULSD,61057.0
2026-05-02,A,PREM,30999.0
2026-05-02,A,REG,53744.0
2026-05-02,A,ULSD,72410.0
2026-05-02,B,PREM,28708.0
2026-05-02,B,REG,53772.0
2026-05-02,B,ULSD,68866.0
2026-05-02,C,PREM,25713.0
2026-05-02,C,REG,45789.0
2026-05-02,C,ULSD,76806.0
2026-05-03,A,PREM,29106.0
2026-05-03,A,REG,44693.0
2026-05-03,A,ULSD,60050.0
2026-05-03,B,PREM,33609.0
2026-05-03,B,REG,50047.0
2026-05-03,B,ULSD,79451.0
2026-05-03,C,PREM,27310.0
2026-05-03,C,REG,51825.0
2026-05-03,C,ULSD,63710.0
2026-05-04,A,PREM,32972.0
2026-05-04,A,REG,53729.0
2026-05-04,A,ULSD,63203.0
2026-05-04,B,PREM,28048.0
2026-05-04,B,REG,43268.0
2026-05-04,B,ULSD,68451.0
2026-05-04,C,PREM,27873.0
2026-05-04,C,REG,50118.0
2026-05-04,C,ULSD,64629.0
2026-05-05,A,PREM,31659.0
2026-05-05,A,REG,47072.0
2026-05-05,A,ULSD,74833.0
2026-05-05,B,PREM,27242.0
2026-05-05,B,REG,57038.0
2026-05-05,B,ULSD,76446.0
2026-05-05,C,PREM,29646.0
2026-05-05,C,REG,44210.0
2026-05-05,C,ULSD,69615.0
2026-05-06,A,PREM,27195.0
2026-05-06,A,REG,43740.0
2026-05-06,A,ULSD,63949.0
2026-05-06,B,PREM,31408.0
2026-05-06,B,REG,48994.0
2026-05-06,B,ULSD,60251.0
2026-05-06,C,PREM,27602.0
2026-05-06,C,REG,47518.0
2026-05-06,C,ULSD,77083.0
2026-05-07,A,PREM,28607.0
2026-05-07,A,REG,52786.0
2026-05-07,A,ULSD,72491.0
2026-05-07,B,PREM,27078.0
2026-05-07,B,REG,53857.0
2026-05-07,B,ULSD,74054.0
2026-05-07,C,PREM,28285.0
2026-05-07,C,REG,57172.0
2026-05-07,C,ULSD,69407.0
2026-05-08,A,PREM,28785.0
2026-05-08,A,REG,53888.0
2026-05-08,A,ULSD,62169.0
2026-05-08,B,PREM,31635.0
2026-05-08,B,REG,56686.0
2026-05-08,B,ULSD,62852.0
2026-05-08,C,PREM,26263.0
2026-05-08,C,REG,49545.0
2026-05-08,C,ULSD,80108.0
2026-05-09,A,PREM,27948.0
2026-05-09,A,REG,49454.0
2026-05-09,A,ULSD,73665.0
2026-05-09,B,PREM,31648.0
2026-05-09,B,REG,53043.0
2026-05-09,B,ULSD,69223.0
2026-05-09,C,PREM,30633.0
2026-05-09,C,REG,49188.0
2026-05-09,C,ULSD,72968.0
2026-05-10,A,PREM,33171.0
2026-05-10,A,REG,54587.0
2026-05-10,A,ULSD,79698.0
2026-05-10,B,PREM,31898.0
2026-05-10,B,REG,56852.0
2026-05-10,B,ULSD,61042.0
2026-05-10,C,PREM,33465.0
2026-05-10,C,REG,50078.0
2026-05-10,C,ULSD,60440.0
2026-05-11,A,PREM,28115.0
2026-05-11,A,REG,51677.0
2026-05-11,A,ULSD,65433.0
2026-05-11,B,PREM,26407.0
2026-05-11,B,REG,50175.0
2026-05-11,B,ULSD,72518.0
2026-05-11,C,PREM,29033.0
2026-05-11,C,REG,44219.0
2026-05-11,C,ULSD,71327.0
2026-05-12,A,PREM,33825.0
2026-05-12,A,REG,53755.0
2026-05-12,A,ULSD,63567.0
2026-05-12,B,PREM,30723.0
2026-05-12,B,REG,43682.0
2026-05-12,B,ULSD,61666.0
2026-05-12,C,PREM,33026.0
2026-05-12,C,REG,50576.0
2026-05-12,C,ULSD,68671.0
2026-05-13,A,PREM,26839.0
2026-05-13,A,REG,47311.0
2026-05-13,A,ULSD,65902.0
2026-05-13,B,PREM,32255.0
2026-05-13,B,REG,53309.0
2026-05-13,B,ULSD,64993.0
2026-05-13,C,PREM,32053.0
2026-05-13,C,REG,49903.0
2026-05-13,C,ULSD,69110.0
2026-05-14,A,PREM,29359.0
2026-05-14,A,REG,52227.0
2026-05-14,A,ULSD,63398.0
2026-05-14,B,PREM,34121.0
2026-05-14,B,REG,49725.0
2026-05-14,B,ULSD,61617.0
2026-05-14,C,PREM,33341.0
2026-05-14,C,REG,43645.0
2026-05-14,C,ULSD,70639.0
2026-05-15,A,PREM,33349.0
2026-05-15,A,REG,44759.0
2026-05-15,A,ULSD,63853.0
2026-05-15,B,PREM,26175.0
2026-05-15,B,REG,56682.0
2026-05-15,B,ULSD,72720.0
2026-05-15,C,PREM,27410.0
2026-05-15,C,REG,44339.0
2026-05-15,C,ULSD,72624.0
2026-05-16,A,PREM,33891.0
2026-05-16,A,REG,53861.0
2026-05-16,A,ULSD,77431.0
2026-05-16,B,PREM,29956.0
2026-05-16,B,REG,57335.0
2026-05-16,B,ULSD,59671.0
2026-05-16,C,PREM,30277.0
2026-05-16,C,REG,56029.0
2026-05-16,C,ULSD,73862.0
2026-05-17,A,PREM,26098.0
2026-05-17,A,REG,43940.0
2026-05-17,A,ULSD,76932.0
2026-05-17,B,PREM,26545.0
2026-05-17,B,REG,46022.0
2026-05-17,B,ULSD,76155.0
2026-05-17,C,PREM,32939.0
2026-05-17,C,REG,47648.0
2026-05-17,C,ULSD,72276.0
2026-05-18,A,PREM,28399.0
2026-05-18,A,REG,48815.0
2026-05-18,A,ULSD,62704.0
2026-05-18,B,PREM,30457.0
2026-05-18,B,REG,53229.0
2026-05-18,B,ULSD,73165.0
2026-05-18,C,PREM,34114.0
2026-05-18,C,REG,52663.0
2026-05-18,C,ULSD,61758.0
2026-05-19,A,PREM,27936.0
2026-05-19,A,REG,45284.0
2026-05-19,A,ULSD,71832.0
2026-05-19,B,PREM,28340.0
2026-05-19,B,REG,45525.0
2026-05-19,B,ULSD,63409.0
2026-05-19,C,PREM,31379.0
2026-05-19,C,REG,43704.0
2026-05-19,C,ULSD,65257.0
2026-05-20,A,PREM,33131.0
2026-05-20,A,REG,56623.0
2026-05-20,A,ULSD,76195.0
2026-05-20,B,PREM,31875.0
2026-05-20,B,REG,55972.0
2026-05-20,B,ULSD,70194.0
2026-05-20,C,PREM,34396.0
2026-05-20,C,REG,51818.0
2026-05-20,C,ULSD,67269.0
2026-05-21,A,PREM,29611.0
2026-05-21,A,REG,53417.0
2026-05-21,A,ULSD,68031.0
2026-05-21,B,PREM,26090.0
2026-05-21,B,REG,53530.0
2026-05-21,B,ULSD,66718.0
2026-05-21,C,PREM,26846.0
2026-05-21,C,REG,47703.0
2026-05-21,C,ULSD,62434.0
2026-05-22,A,PREM,31474.0
2026-05-22,A,REG,57297.0
2026-05-22,A,ULSD,67241.0
2026-05-22,B,PREM,30268.0
2026-05-22,B,REG,49687.0
2026-05-22,B,ULSD,66573.0
2026-05-22,C,PREM,27906.0
2026-05-22,C,REG,55813.0
2026-05-22,C,ULSD,67726.0
2026-05-23,A,PREM,27003.0
2026-05-23,A,REG,57460.0
2026-05-23,A,ULSD,77224.0
2026-05-23,B,PREM,30393.0
2026-05-23,B,REG,46427.0
2026-05-23,B,ULSD,78771.0
2026-05-23,C,PREM,30732.0
2026-05-23,C,REG,50332.0
2026-05-23,C,ULSD,69801.0
2026-05-24,A,PREM,32762.0
2026-05-24,A,REG,54865.0
2026-05-24,A,ULSD,68621.0
2026-05-24,B,PREM,26706.0
2026-05-24,B,REG,43166.0
2026-05-24,B,ULSD,78022.0
2026-05-24,C,PREM,33505.0
2026-05-24,C,REG,49519.0
2026-05-24,C,ULSD,69099.0
2026-05-25,A,PREM,30356.0
2026-05-25,A,REG,51739.0
2026-05-25,A,ULSD,71913.0
2026-05-25,B,PREM,28658.0
2026-05-25,B,REG,45745.0
2026-05-25,B,ULSD,75607.0
2026-05-25,C,PREM,28538.0
2026-05-25,C,REG,53637.0
2026-05-25,C,ULSD,66618.0
2026-05-26,A,PREM,31036.0
2026-05-26,A,REG,55273.0
2026-05-26,A,ULSD,75282.0
2026-05-26,B,PREM,34251.0
2026-05-26,B,REG,47248.0
2026-05-26,B,ULSD,76549.0
2026-05-26,C,PREM,27009.0
2026-05-26,C,REG,48973.0
2026-05-26,C,ULSD,75580.0
2026-05-27,A,PREM,28189.0
2026-05-27,A,REG,51108.0
2026-05-27,A,ULSD,66809.0
2026-05-27,B,PREM,28274.0
2026-05-27,B,REG,44752.0
2026-05-27,B,ULSD,78736.0
2026-05-27,C,PREM,28362.0
2026-05-27,C,REG,47645.0
2026-05-27,C,ULSD,74908.0
2026-05-28,A,PREM,32436.0
2026-05-28,A,REG,50607.0
2026-05-28,A,ULSD,61133.0
2026-05-28,B,PREM,34392.0
2026-05-28,B,REG,44814.0
2026-05-28,B,ULSD,62793.0
2026-05-28,C,PREM,25754.0
2026-05-28,C,REG,55389.0
2026-05-28,C,ULSD,69166.0
2026-05-29,A,PREM,27089.0
2026-05-29,A,REG,54370.0
2026-05-29,A,ULSD,71842.0
2026-05-29,B,PREM,34462.0
2026-05-29,B,REG,47126.0
2026-05-29,B,ULSD,71680.0
2026-05-29,C,PREM,30942.0
2026-05-29,C,REG,43790.0
2026-05-29,C,ULSD,60080.0
2026-05-30,A,PREM,33315.0
2026-05-30,A,REG,50525.0
2026-05-30,A,ULSD,68566.0
2026-05-30,B,PREM,34377.0
2026-05-30,B,REG,43430.0
2026-05-30,B,ULSD,70085.0
2026-05-30,C,PREM,28724.0
2026-05-30,C,REG,56894.0
2026-05-30,C,ULSD,79434.0
2026-05-31,A,PREM,34100.0
2026-05-31,A,REG,44724.0
2026-05-31,A,ULSD,73182.0
2026-05-31,B,PREM,33438.0
2026-05-31,B,REG,54938.0
2026-05-31,B,ULSD,79771.0
2026-05-31,C,PREM,26323.0
2026-05-31,C,REG,46861.0
2026-05-31,C,ULSD,68690.0
2026-06-01,A,PREM,30716.0
2026-06-01,A,REG,46809.0
2026-06-01,A,ULSD,72695.0
2026-06-01,B,PREM,34055.0
2026-06-01,B,REG,43067.0
2026-06-01,B,ULSD,66617.0
2026-06-01,C,PREM,27405.0
2026-06-01,C,REG,47084.0
2026-06-01,C,ULSD,78854.0
2026-06-02,A,PREM,27078.0
2026-06-02,A,REG,43755.0
2026-06-02,A,ULSD,65824.0
2026-06-02,B,PREM,31079.0
2026-06-02,B,REG,52980.0
2026-06-02,B,ULSD,70923.0
2026-06-02,C,PREM,31845.0
2026-06-02,C,REG,55448.0
2026-06-02,C,ULSD,69689.0
2026-06-03,A,PREM,30899.0
2026-06-03,A,REG,48131.0
2026-06-03,A,ULSD,74849.0
2026-06-03,B,PREM,27461.0
2026-06-03,B,REG,51067.0
2026-06-03,B,ULSD,63646.0
2026-06-03,C,PREM,33542.0
2026-06-03,C,REG,53084.0
2026-06-03,C,ULSD,75723.0
2026-06-04,A,PREM,28887.0
2026-06-04,A,REG,46546.0
2026-06-04,A,ULSD,61669.0
2026-06-04,B,PREM,31168.0
2026-06-04,B,REG,45867.0
2026-06-04,B,ULSD,65727.0
2026-06-04,C,PREM,27839.0
2026-06-04,C,REG,51126.0
2026-06-04,C,ULSD,60551.0
2026-06-05,A,PREM,30447.0
2026-06-05,A,REG,56527.0
2026-06-05,A,ULSD,77324.0
2026-06-05,B,PREM,32645.0
2026-06-05,B,REG,54864.0
2026-06-05,B,ULSD,61720.0
2026-06-05,C,PREM,32549.0
2026-06-05,C,REG,51160.0
2026-06-05,C,ULSD,61405.0
2026-06-06,A,PREM,32303.0
2026-06-06,A,REG,54349.0
2026-06-06,A,ULSD,73631.0
2026-06-06,B,PREM,29536.0
2026-06-06,B,REG,51262.0
2026-06-06,B,ULSD,78886.0
2026-06-06,C,PREM,29037.0
2026-06-06,C,REG,49105.0
2026-06-06,C,ULSD,59551.0
2026-06-07,A,PREM,31491.0
2026-06-07,A,REG,44560.0
2026-06-07,A,ULSD,78105.0
2026-06-07,B,PREM,29374.0
2026-06-07,B,REG,56814.0
2026-06-07,B,ULSD,63358.0
2026-06-07,C,PREM,32150.0
2026-06-07,C,REG,49425.0
2026-06-07,C,ULSD,76852.0
