date,location,customer,product,liftings,loc_enc,cust_enc,prod_enc,month,year,month_sin,month_cos,lag_1,lag_2,lag_3,rolling_mean_3
2022-04-01,A,Branded Fuel,PREM,14700.0,0,0,0,4,2022,0.8660254037844387,-0.4999999999999998,14232.0,14591.0,14454.0,14425.666666666666
2022-05-01,A,Branded Fuel,PREM,15264.0,0,0,0,5,2022,0.49999999999999994,-0.8660254037844387,14700.0,14232.0,14591.0,14507.666666666666
2022-06-01,A,Branded Fuel,PREM,14347.0,0,0,0,6,2022,1.2246467991473532e-16,-1.0,15264.0,14700.0,14232.0,14732.0
2022-07-01,A,Branded Fuel,PREM,14244.0,0,0,0,7,2022,-0.4999999999999997,-0.8660254037844388,14347.0,15264.0,14700.0,14770.333333333334
2022-08-01,A,Branded Fuel,PREM,13286.0,0,0,0,8,2022,-0.8660254037844385,-0.5000000000000004,14244.0,14347.0,15264.0,14618.333333333334
2022-09-01,A,Branded Fuel,PREM,13331.0,0,0,0,9,2022,-1.0,-1.8369701987210297e-16,13286.0,14244.0,14347.0,13959.0
2022-10-01,A,Branded Fuel,PREM,13863.0,0,0,0,10,2022,-0.8660254037844386,0.5000000000000001,13331.0,13286.0,14244.0,13620.333333333334
2022-11-01,A,Branded Fuel,PREM,13765.0,0,0,0,11,2022,-0.5000000000000004,0.8660254037844384,13863.0,13331.0,13286.0,13493.333333333334
2022-12-01,A,Branded Fuel,PREM,13856.0,0,0,0,12,2022,-2.4492935982947064e-16,1.0,13765.0,13863.0,13331.0,13653.0
2022-04-01,A,Branded Fuel,REG,34614.0,0,0,1,4,2022,0.8660254037844387,-0.4999999999999998,34319.0,35734.0,34866.0,34973.0
2022-05-01,A,Branded Fuel,REG,33413.0,0,0,1,5,2022,0.49999999999999994,-0.8660254037844387,34614.0,34319.0,35734.0,34889.0
2022-06-01,A,Branded Fuel,REG,32660.0,0,0,1,6,2022,1.2246467991473532e-16,-1.0,33413.0,34614.0,34319.0,34115.333333333336
2022-07-01,A,Branded Fuel,REG,32431.0,0,0,1,7,2022,-0.4999999999999997,-0.8660254037844388,32660.0,33413.0,34614.0,33562.333333333336
2022-08-01,A,Branded Fuel,REG,32465.0,0,0,1,8,2022,-0.8660254037844385,-0.5000000000000004,32431.0,32660.0,33413.0,32834.666666666664
2022-09-01,A,Branded Fuel,REG,30563.0,0,0,1,9,2022,-1.0,-1.8369701987210297e-16,32465.0,32431.0,32660.0,32518.666666666668
2022-10-01,A,Branded Fuel,REG,31616.0,0,0,1,10,2022,-0.8660254037844386,0.5000000000000001,30563.0,32465.0,32431.0,31819.666666666668
2022-11-01,A,Branded Fuel,REG,31208.0,0,0,1,11,2022,-0.5000000000000004,0.8660254037844384,31616.0,30563.0,32465.0,31548.0
2022-12-01,A,Branded Fuel,REG,34750.0,0,0,1,12,2022,-2.4492935982947064e-16,1.0,31208.0,31616.0,30563.0,31129.0
2022-04-01,A,Branded Fuel,ULSD,42411.0,0,0,2,4,2022,0.8660254037844387,-0.4999999999999998,45956.0,42364.0,43886.0,44068.666666666664
2022-05-01,A,Branded Fuel,ULSD,43702.0,0,0,2,5,2022,0.49999999999999994,-0.8660254037844387,42411.0,45956.0,42364.0,43577.0
2022-06-01,A,Branded Fuel,ULSD,42942.0,0,0,2,6,2022,1.2246467991473532e-16,-1.0,43702.0,42411.0,45956.0,44023.0
2022-07-01,A,Branded Fuel,ULSD,40816.0,0,0,2,7,2022,-0.4999999999999997,-0.8660254037844388,42942.0,43702.0,42411.0,43018.333333333336
2022-08-01,A,Branded Fuel,ULSD,39881.0,0,0,2,8,2022,-0.8660254037844385,-0.5000000000000004,40816.0,42942.0,43702.0,42486.666666666664
2022-09-01,A,Branded Fuel,ULSD,37977.0,0,0,2,9,2022,-1.0,-1.8369701987210297e-16,39881.0,40816.0,42942.0,41213.0
2022-10-01,A,Branded Fuel,ULSD,40820.0,0,0,2,10,2022,-0.8660254037844386,0.5000000000000001,37977.0,39881.0,40816.0,39558.0
2022-11-01,A,Branded Fuel,ULSD,42018.0,0,0,2,11,2022,-0.5000000000000004,0.8660254037844384,40820.0,37977.0,39881.0,39559.333333333336
2022-12-01,A,Branded Fuel,ULSD,41959.0,0,0,2,12,2022,-2.4492935982947064e-16,1.0,42018.0,40820.0,37977.0,40271.666666666664
2022-04-01,A,Eve Fuel,PREM,9058.0,0,1,0,4,2022,0.8660254037844387,-0.4999999999999998,8810.0,9281.0,8895.0,8995.333333333334
2022-05-01,A,Eve Fuel,PREM,8679.0,0,1,0,5,2022,0.49999999999999994,-0.8660254037844387,9058.0,8810.0,9281.0,9049.666666666666
2022-06-01,A,Eve Fuel,PREM,8743.0,0,1,0,6,2022,1.2246467991473532e-16,-1.0,8679.0,9058.0,8810.0,8849.0
2022-07-01,A,Eve Fuel,PREM,8586.0,0,1,0,7,2022,-0.4999999999999997,-0.8660254037844388,8743.0,8679.0,9058.0,8826.666666666666
2022-08-01,A,Eve Fuel,PREM,8120.0,0,1,0,8,2022,-0.8660254037844385,-0.5000000000000004,8586.0,8743.0,8679.0,8669.333333333334
2022-09-01,A,Eve Fuel,PREM,8358.0,0,1,0,9,2022,-1.0,-1.8369701987210297e-16,8120.0,8586.0,8743.0,8483.0
2022-10-01,A,Eve Fuel,PREM,8441.0,0,1,0,10,2022,-0.8660254037844386,0.5000000000000001,8358.0,8120.0,8586.0,8354.666666666666
2022-11-01,A,Eve Fuel,PREM,8748.0,0,1,0,11,2022,-0.5000000000000004,0.8660254037844384,8441.0,8358.0,8120.0,8306.333333333334
2022-12-01,A,Eve Fuel,PREM,9129.0,0,1,0,12,2022,-2.4492935982947064e-16,1.0,8748.0,8441.0,8358.0,8515.666666666666
2022-04-01,A,Eve Fuel,REG,22272.0,0,1,1,4,2022,0.8660254037844387,-0.4999999999999998,23387.0,22692.0,21272.0,22450.333333333332
2022-05-01,A,Eve Fuel,REG,21208.0,0,1,1,5,2022,0.49999999999999994,-0.8660254037844387,22272.0,23387.0,22692.0,22783.666666666668
2022-06-01,A,Eve Fuel,REG,20974.0,0,1,1,6,2022,1.2246467991473532e-16,-1.0,21208.0,22272.0,23387.0,22289.0
2022-07-01,A,Eve Fuel,REG,20132.0,0,1,1,7,2022,-0.4999999999999997,-0.8660254037844388,20974.0,21208.0,22272.0,21484.666666666668
2022-08-01,A,Eve Fuel,REG,20816.0,0,1,1,8,2022,-0.8660254037844385,-0.5000000000000004,20132.0,20974.0,21208.0,20771.333333333332
2022-09-01,A,Eve Fuel,REG,19008.0,0,1,1,9,2022,-1.0,-1.8369701987210297e-16,20816.0,20132.0,20974.0,20640.666666666668
2022-10-01,A,Eve Fuel,REG,19517.0,0,1,1,10,2022,-0.8660254037844386,0.5000000000000001,19008.0,20816.0,20132.0,19985.333333333332
2022-11-01,A,Eve Fuel,REG,21525.0,0,1,1,11,2022,-0.5000000000000004,0.8660254037844384,19517.0,19008.0,20816.0,19780.333333333332
2022-12-01,A,Eve Fuel,REG,20967.0,0,1,1,12,2022,-2.4492935982947064e-16,1.0,21525.0,19517.0,19008.0,20016.666666666668
2022-04-01,A,Eve Fuel,ULSD,28060.0,0,1,2,4,2022,0.8660254037844387,-0.4999999999999998,28378.0,27147.0,27463.0,27662.666666666668
2022-05-01,A,Eve Fuel,ULSD,26417.0,0,1,2,5,2022,0.49999999999999994,-0.8660254037844387,28060.0,28378.0,27147.0,27861.666666666668
2022-06-01,A,Eve Fuel,ULSD,25743.0,0,1,2,6,2022,1.2246467991473532e-16,-1.0,26417.0,28060.0,28378.0,27618.333333333332
2022-07-01,A,Eve Fuel,ULSD,26141.0,0,1,2,7,2022,-0.4999999999999997,-0.8660254037844388,25743.0,26417.0,28060.0,26740.0
2022-08-01,A,Eve Fuel,ULSD,26818.0,0,1,2,8,2022,-0.8660254037844385,-0.5000000000000004,26141.0,25743.0,26417.0,26100.333333333332
2022-09-01,A,Eve Fuel,ULSD,24984.0,0,1,2,9,2022,-1.0,-1.8369701987210297e-16,26818.0,26141.0,25743.0,26234.0
2022-10-01,A,Eve Fuel,ULSD,25890.0,0,1,2,10,2022,-0.8660254037844386,0.5000000000000001,24984.0,26818.0,26141.0,25981.0
2022-11-01,A,Eve Fuel,ULSD,26325.0,0,1,2,11,2022,-0.5000000000000004,0.8660254037844384,25890.0,24984.0,26818.0,25897.333333333332
2022-12-01,A,Eve Fuel,ULSD,25946.0,0,1,2,12,2022,-2.4492935982947064e-16,1.0,26325.0,25890.0,24984.0,25733.0
2022-04-01,A,Johnny Pop,PREM,7705.0,0,2,0,4,2022,0.8660254037844387,-0.4999999999999998,7576.0,7858.0,7277.0,7570.333333333333
2022-05-01,A,Johnny Pop,PREM,7583.0,0,2,0,5,2022,0.49999999999999994,-0.8660254037844387,7705.0,7576.0,7858.0,7713.0
2022-06-01,A,Johnny Pop,PREM,7437.0,0,2,0,6,2022,1.2246467991473532e-16,-1.0,7583.0,7705.0,7576.0,7621.333333333333
2022-07-01,A,Johnny Pop,PREM,7125.0,0,2,0,7,2022,-0.4999999999999997,-0.8660254037844388,7437.0,7583.0,7705.0,7575.0
2022-08-01,A,Johnny Pop,PREM,6467.0,0,2,0,8,2022,-0.8660254037844385,-0.5000000000000004,7125.0,7437.0,7583.0,7381.666666666667
2022-09-01,A,Johnny Pop,PREM,7144.0,0,2,0,9,2022,-1.0,-1.8369701987210297e-16,6467.0,7125.0,7437.0,7009.666666666667
2022-10-01,A,Johnny Pop,PREM,6856.0,0,2,0,10,2022,-0.8660254037844386,0.5000000000000001,7144.0,6467.0,7125.0,6912.0
2022-11-01,A,Johnny Pop,PREM,7008.0,0,2,0,11,2022,-0.5000000000000004,0.8660254037844384,6856.0,7144.0,6467.0,6822.333333333333
2022-12-01,A,Johnny Pop,PREM,6752.0,0,2,0,12,2022,-2.4492935982947064e-16,1.0,7008.0,6856.0,7144.0,7002.666666666667
2022-04-01,A,Johnny Pop,REG,18094.0,0,2,1,4,2022,0.8660254037844387,-0.4999999999999998,17421.0,17802.0,18358.0,17860.333333333332
2022-05-01,A,Johnny Pop,REG,17278.0,0,2,1,5,2022,0.49999999999999994,-0.8660254037844387,18094.0,17421.0,17802.0,17772.333333333332
2022-06-01,A,Johnny Pop,REG,17755.0,0,2,1,6,2022,1.2246467991473532e-16,-1.0,17278.0,18094.0,17421.0,17597.666666666668
2022-07-01,A,Johnny Pop,REG,16785.0,0,2,1,7,2022,-0.4999999999999997,-0.8660254037844388,17755.0,17278.0,18094.0,17709.0
2022-08-01,A,Johnny Pop,REG,15886.0,0,2,1,8,2022,-0.8660254037844385,-0.5000000000000004,16785.0,17755.0,17278.0,17272.666666666668
2022-09-01,A,Johnny Pop,REG,15930.0,0,2,1,9,2022,-1.0,-1.8369701987210297e-16,15886.0,16785.0,17755.0,16808.666666666668
2022-10-01,A,Johnny Pop,REG,16643.0,0,2,1,10,2022,-0.8660254037844386,0.5000000000000001,15930.0,15886.0,16785.0,16200.333333333334
2022-11-01,A,Johnny Pop,REG,16285.0,0,2,1,11,2022,-0.5000000000000004,0.8660254037844384,16643.0,15930.0,15886.0,16153.0
2022-12-01,A,Johnny Pop,REG,16969.0,0,2,1,12,2022,-2.4492935982947064e-16,1.0,16285.0,16643.0,15930.0,16286.0
2022-04-01,A,Johnny Pop,ULSD,21956.0,0,2,2,4,2022,0.8660254037844387,-0.4999999999999998,22061.0,22410.0,22048.0,22173.0
2022-05-01,A,Johnny Pop,ULSD,22064.0,0,2,2,5,2022,0.49999999999999994,-0.8660254037844387,21956.0,22061.0,22410.0,22142.333333333332
2022-06-01,A,Johnny Pop,ULSD,21237.0,0,2,2,6,2022,1.2246467991473532e-16,-1.0,22064.0,21956.0,22061.0,22027.0
2022-07-01,A,Johnny Pop,ULSD,22028.0,0,2,2,7,2022,-0.4999999999999997,-0.8660254037844388,21237.0,22064.0,21956.0,21752.333333333332
2022-08-01,A,Johnny Pop,ULSD,21753.0,0,2,2,8,2022,-0.8660254037844385,-0.5000000000000004,22028.0,21237.0,22064.0,21776.333333333332
2022-09-01,A,Johnny Pop,ULSD,19932.0,0,2,2,9,2022,-1.0,-1.8369701987210297e-16,21753.0,22028.0,21237.0,21672.666666666668
2022-10-01,A,Johnny Pop,ULSD,19964.0,0,2,2,10,2022,-0.8660254037844386,0.5000000000000001,19932.0,21753.0,22028.0,21237.666666666668
2022-11-01,A,Johnny Pop,ULSD,20477.0,0,2,2,11,2022,-0.5000000000000004,0.8660254037844384,19964.0,19932.0,21753.0,20549.666666666668
2022-12-01,A,Johnny Pop,ULSD,21246.0,0,2,2,12,2022,-2.4492935982947064e-16,1.0,20477.0,19964.0,19932.0,20124.333333333332
2022-04-01,A,Rack,PREM,2097.0,0,3,0,4,2022,0.8660254037844387,-0.4999999999999998,2042.0,1923.0,1944.0,1969.6666666666667
2022-05-01,A,Rack,PREM,1957.0,0,3,0,5,2022,0.49999999999999994,-0.8660254037844387,2097.0,2042.0,1923.0,2020.6666666666667
2022-06-01,A,Rack,PREM,2078.0,0,3,0,6,2022,1.2246467991473532e-16,-1.0,1957.0,2097.0,2042.0,2032.0
2022-07-01,A,Rack,PREM,2076.0,0,3,0,7,2022,-0.4999999999999997,-0.8660254037844388,2078.0,1957.0,2097.0,2044.0
2022-08-01,A,Rack,PREM,2000.0,0,3,0,8,2022,-0.8660254037844385,-0.5000000000000004,2076.0,2078.0,1957.0,2037.0
2022-09-01,A,Rack,PREM,1987.0,0,3,0,9,2022,-1.0,-1.8369701987210297e-16,2000.0,2076.0,2078.0,2051.3333333333335
2022-10-01,A,Rack,PREM,1933.0,0,3,0,10,2022,-0.8660254037844386,0.5000000000000001,1987.0,2000.0,2076.0,2021.0
2022-11-01,A,Rack,PREM,2093.0,0,3,0,11,2022,-0.5000000000000004,0.8660254037844384,1933.0,1987.0,2000.0,1973.3333333333333
2022-12-01,A,Rack,PREM,1916.0,0,3,0,12,2022,-2.4492935982947064e-16,1.0,2093.0,1933.0,1987.0,2004.3333333333333
2022-04-01,A,Rack,REG,4730.0,0,3,1,4,2022,0.8660254037844387,-0.4999999999999998,4912.0,4860.0,4948.0,4906.666666666667
2022-05-01,A,Rack,REG,4928.0,0,3,1,5,2022,0.49999999999999994,-0.8660254037844387,4730.0,4912.0,4860.0,4834.0
2022-06-01,A,Rack,REG,4721.0,0,3,1,6,2022,1.2246467991473532e-16,-1.0,4928.0,4730.0,4912.0,4856.666666666667
2022-07-01,A,Rack,REG,4524.0,0,3,1,7,2022,-0.4999999999999997,-0.8660254037844388,4721.0,4928.0,4730.0,4793.0
2022-08-01,A,Rack,REG,4305.0,0,3,1,8,2022,-0.8660254037844385,-0.5000000000000004,4524.0,4721.0,4928.0,4724.333333333333
2022-09-01,A,Rack,REG,4632.0,0,3,1,9,2022,-1.0,-1.8369701987210297e-16,4305.0,4524.0,4721.0,4516.666666666667
2022-10-01,A,Rack,REG,4462.0,0,3,1,10,2022,-0.8660254037844386,0.5000000000000001,4632.0,4305.0,4524.0,4487.0
2022-11-01,A,Rack,REG,4839.0,0,3,1,11,2022,-0.5000000000000004,0.8660254037844384,4462.0,4632.0,4305.0,4466.333333333333
2022-12-01,A,Rack,REG,4906.0,0,3,1,12,2022,-2.4492935982947064e-16,1.0,4839.0,4462.0,4632.0,4644.333333333333
2022-04-01,A,Rack,ULSD,6218.0,0,3,2,4,2022,0.8660254037844387,-0.4999999999999998,6411.0,6412.0,6107.0,6310.0
2022-05-01,A,Rack,ULSD,5929.0,0,3,2,5,2022,0.49999999999999994,-0.8660254037844387,6218.0,6411.0,6412.0,6347.0
2022-06-01,A,Rack,ULSD,5996.0,0,3,2,6,2022,1.2246467991473532e-16,-1.0,5929.0,6218.0,6411.0,6186.0
2022-07-01,A,Rack,ULSD,5971.0,0,3,2,7,2022,-0.4999999999999997,-0.8660254037844388,5996.0,5929.0,6218.0,6047.666666666667
2022-08-01,A,Rack,ULSD,5851.0,0,3,2,8,2022,-0.8660254037844385,-0.5000000000000004,5971.0,5996.0,5929.0,5965.333333333333
2022-09-01,A,Rack,ULSD,5571.0,0,3,2,9,2022,-1.0,-1.8369701987210297e-16,5851.0,5971.0,5996.0,5939.333333333333
2022-10-01,A,Rack,ULSD,5315.0,0,3,2,10,2022,-0.8660254037844386,0.5000000000000001,5571.0,5851.0,5971.0,5797.666666666667
2022-11-01,A,Rack,ULSD,5923.0,0,3,2,11,2022,-0.5000000000000004,0.8660254037844384,5315.0,5571.0,5851.0,5579.0
2022-12-01,A,Rack,ULSD,5872.0,0,3,2,12,2022,-2.4492935982947064e-16,1.0,5923.0,5315.0,5571.0,5603.0
2022-04-01,A,Unbranded Fuel,PREM,8034.0,0,4,0,4,2022,0.8660254037844387,-0.4999999999999998,8519.0,8738.0,7729.0,8328.666666666666
2022-05-01,A,Unbranded Fuel,PREM,8454.0,0,4,0,5,2022,0.49999999999999994,-0.8660254037844387,8034.0,8519.0,8738.0,8430.333333333334
2022-06-01,A,Unbranded Fuel,PREM,8195.0,0,4,0,6,2022,1.2246467991473532e-16,-1.0,8454.0,8034.0,8519.0,8335.666666666666
2022-07-01,A,Unbranded Fuel,PREM,8024.0,0,4,0,7,2022,-0.4999999999999997,-0.8660254037844388,8195.0,8454.0,8034.0,8227.666666666666
2022-08-01,A,Unbranded Fuel,PREM,7818.0,0,4,0,8,2022,-0.8660254037844385,-0.5000000000000004,8024.0,8195.0,8454.0,8224.333333333334
2022-09-01,A,Unbranded Fuel,PREM,7404.0,0,4,0,9,2022,-1.0,-1.8369701987210297e-16,7818.0,8024.0,8195.0,8012.333333333333
2022-10-01,A,Unbranded Fuel,PREM,7712.0,0,4,0,10,2022,-0.8660254037844386,0.5000000000000001,7404.0,7818.0,8024.0,7748.666666666667
2022-11-01,A,Unbranded Fuel,PREM,7537.0,0,4,0,11,2022,-0.5000000000000004,0.8660254037844384,7712.0,7404.0,7818.0,7644.666666666667
2022-12-01,A,Unbranded Fuel,PREM,7911.0,0,4,0,12,2022,-2.4492935982947064e-16,1.0,7537.0,7712.0,7404.0,7551.0
2022-04-01,A,Unbranded Fuel,REG,19319.0,0,4,1,4,2022,0.8660254037844387,-0.4999999999999998,20010.0,20038.0,19201.0,19749.666666666668
2022-05-01,A,Unbranded Fuel,REG,20506.0,0,4,1,5,2022,0.49999999999999994,-0.8660254037844387,19319.0,20010.0,20038.0,19789.0
2022-06-01,A,Unbranded Fuel,REG,19312.0,0,4,1,6,2022,1.2246467991473532e-16,-1.0,20506.0,19319.0,20010.0,19945.0
2022-07-01,A,Unbranded Fuel,REG,18579.0,0,4,1,7,2022,-0.4999999999999997,-0.8660254037844388,19312.0,20506.0,19319.0,19712.333333333332
2022-08-01,A,Unbranded Fuel,REG,18754.0,0,4,1,8,2022,-0.8660254037844385,-0.5000000000000004,18579.0,19312.0,20506.0,19465.666666666668
2022-09-01,A,Unbranded Fuel,REG,18964.0,0,4,1,9,2022,-1.0,-1.8369701987210297e-16,18754.0,18579.0,19312.0,18881.666666666668
2022-10-01,A,Unbranded Fuel,REG,18380.0,0,4,1,10,2022,-0.8660254037844386,0.5000000000000001,18964.0,18754.0,18579.0,18765.666666666668
2022-11-01,A,Unbranded Fuel,REG,17536.0,0,4,1,11,2022,-0.5000000000000004,0.8660254037844384,18380.0,18964.0,18754.0,18699.333333333332
2022-12-01,A,Unbranded Fuel,REG,17489.0,0,4,1,12,2022,-2.4492935982947064e-16,1.0,17536.0,18380.0,18964.0,18293.333333333332
2022-04-01,A,Unbranded Fuel,ULSD,25402.0,0,4,2,4,2022,0.8660254037844387,-0.4999999999999998,24140.0,24141.0,25724.0,24668.333333333332
2022-05-01,A,Unbranded Fuel,ULSD,25239.0,0,4,2,5,2022,0.49999999999999994,-0.8660254037844387,25402.0,24140.0,24141.0,24561.0
2022-06-01,A,Unbranded Fuel,ULSD,24439.0,0,4,2,6,2022,1.2246467991473532e-16,-1.0,25239.0,25402.0,24140.0,24927.0
2022-07-01,A,Unbranded Fuel,ULSD,23682.0,0,4,2,7,2022,-0.4999999999999997,-0.8660254037844388,24439.0,25239.0,25402.0,25026.666666666668
2022-08-01,A,Unbranded Fuel,ULSD,23630.0,0,4,2,8,2022,-0.8660254037844385,-0.5000000000000004,23682.0,24439.0,25239.0,24453.333333333332
2022-09-01,A,Unbranded Fuel,ULSD,22939.0,0,4,2,9,2022,-1.0,-1.8369701987210297e-16,23630.0,23682.0,24439.0,23917.0
2022-10-01,A,Unbranded Fuel,ULSD,23954.0,0,4,2,10,2022,-0.8660254037844386,0.5000000000000001,22939.0,23630.0,23682.0,23417.0
2022-11-01,A,Unbranded Fuel,ULSD,24352.0,0,4,2,11,2022,-0.5000000000000004,0.8660254037844384,23954.0,22939.0,23630.0,23507.666666666668
2022-12-01,A,Unbranded Fuel,ULSD,23609.0,0,4,2,12,2022,-2.4492935982947064e-16,1.0,24352.0,23954.0,22939.0,23748.333333333332
2022-04-01,B,Branded Fuel,PREM,13348.0,1,0,0,4,2022,0.8660254037844387,-0.4999999999999998,12706.0,13275.0,13061.0,13014.0
2022-05-01,B,Branded Fuel,PREM,12361.0,1,0,0,5,2022,0.49999999999999994,-0.8660254037844387,13348.0,12706.0,13275.0,13109.666666666666
2022-06-01,B,Branded Fuel,PREM,12899.0,1,0,0,6,2022,1.2246467991473532e-16,-1.0,12361.0,13348.0,12706.0,12805.0
2022-07-01,B,Branded Fuel,PREM,12976.0,1,0,0,7,2022,-0.4999999999999997,-0.8660254037844388,12899.0,12361.0,13348.0,12869.333333333334
2022-08-01,B,Branded Fuel,PREM,11715.0,1,0,0,8,2022,-0.8660254037844385,-0.5000000000000004,12976.0,12899.0,12361.0,12745.333333333334
2022-09-01,B,Branded Fuel,PREM,11660.0,1,0,0,9,2022,-1.0,-1.8369701987210297e-16,11715.0,12976.0,12899.0,12530.0
2022-10-01,B,Branded Fuel,PREM,11690.0,1,0,0,10,2022,-0.8660254037844386,0.5000000000000001,11660.0,11715.0,12976.0,12117.0
2022-11-01,B,Branded Fuel,PREM,12239.0,1,0,0,11,2022,-0.5000000000000004,0.8660254037844384,11690.0,11660.0,11715.0,11688.333333333334
2022-12-01,B,Branded Fuel,PREM,12458.0,1,0,0,12,2022,-2.4492935982947064e-16,1.0,12239.0,11690.0,11660.0,11863.0
2022-04-01,B,Branded Fuel,REG,32235.0,1,0,1,4,2022,0.8660254037844387,-0.4999999999999998,29906.0,32605.0,30735.0,31082.0
2022-05-01,B,Branded Fuel,REG,27691.0,1,0,1,5,2022,0.49999999999999994,-0.8660254037844387,32235.0,29906.0,32605.0,31582.0
2022-06-01,B,Branded Fuel,REG,29190.0,1,0,1,6,2022,1.2246467991473532e-16,-1.0,27691.0,32235.0,29906.0,29944.0
2022-07-01,B,Branded Fuel,REG,27318.0,1,0,1,7,2022,-0.4999999999999997,-0.8660254037844388,29190.0,27691.0,32235.0,29705.333333333332
2022-08-01,B,Branded Fuel,REG,26854.0,1,0,1,8,2022,-0.8660254037844385,-0.5000000000000004,27318.0,29190.0,27691.0,28066.333333333332
2022-09-01,B,Branded Fuel,REG,27236.0,1,0,1,9,2022,-1.0,-1.8369701987210297e-16,26854.0,27318.0,29190.0,27787.333333333332
2022-10-01,B,Branded Fuel,REG,29377.0,1,0,1,10,2022,-0.8660254037844386,0.5000000000000001,27236.0,26854.0,27318.0,27136.0
2022-11-01,B,Branded Fuel,REG,30824.0,1,0,1,11,2022,-0.5000000000000004,0.8660254037844384,29377.0,27236.0,26854.0,27822.333333333332
2022-12-01,B,Branded Fuel,REG,29454.0,1,0,1,12,2022,-2.4492935982947064e-16,1.0,30824.0,29377.0,27236.0,29145.666666666668
2022-04-01,B,Branded Fuel,ULSD,39619.0,1,0,2,4,2022,0.8660254037844387,-0.4999999999999998,39307.0,39083.0,39110.0,39166.666666666664
2022-05-01,B,Branded Fuel,ULSD,37922.0,1,0,2,5,2022,0.49999999999999994,-0.8660254037844387,39619.0,39307.0,39083.0,39336.333333333336
2022-06-01,B,Branded Fuel,ULSD,37448.0,1,0,2,6,2022,1.2246467991473532e-16,-1.0,37922.0,39619.0,39307.0,38949.333333333336
2022-07-01,B,Branded Fuel,ULSD,37058.0,1,0,2,7,2022,-0.4999999999999997,-0.8660254037844388,37448.0,37922.0,39619.0,38329.666666666664
2022-08-01,B,Branded Fuel,ULSD,34666.0,1,0,2,8,2022,-0.8660254037844385,-0.5000000000000004,37058.0,37448.0,37922.0,37476.0
2022-09-01,B,Branded Fuel,ULSD,35705.0,1,0,2,9,2022,-1.0,-1.8369701987210297e-16,34666.0,37058.0,37448.0,36390.666666666664
2022-10-01,B,Branded Fuel,ULSD,35694.0,1,0,2,10,2022,-0.8660254037844386,0.5000000000000001,35705.0,34666.0,37058.0,35809.666666666664
2022-11-01,B,Branded Fuel,ULSD,37657.0,1,0,2,11,2022,-0.5000000000000004,0.8660254037844384,35694.0,35705.0,34666.0,35355.0
2022-12-01,B,Branded Fuel,ULSD,39787.0,1,0,2,12,2022,-2.4492935982947064e-16,1.0,37657.0,35694.0,35705.0,36352.0
2022-04-01,B,Eve Fuel,PREM,8030.0,1,1,0,4,2022,0.8660254037844387,-0.4999999999999998,8511.0,8139.0,8145.0,8265.0
2022-05-01,B,Eve Fuel,PREM,7814.0,1,1,0,5,2022,0.49999999999999994,-0.8660254037844387,8030.0,8511.0,8139.0,8226.666666666666
2022-06-01,B,Eve Fuel,PREM,7632.0,1,1,0,6,2022,1.2246467991473532e-16,-1.0,7814.0,8030.0,8511.0,8118.333333333333
2022-07-01,B,Eve Fuel,PREM,7757.0,1,1,0,7,2022,-0.4999999999999997,-0.8660254037844388,7632.0,7814.0,8030.0,7825.333333333333
2022-08-01,B,Eve Fuel,PREM,7729.0,1,1,0,8,2022,-0.8660254037844385,-0.5000000000000004,7757.0,7632.0,7814.0,7734.333333333333
2022-09-01,B,Eve Fuel,PREM,7414.0,1,1,0,9,2022,-1.0,-1.8369701987210297e-16,7729.0,7757.0,7632.0,7706.0
2022-10-01,B,Eve Fuel,PREM,7484.0,1,1,0,10,2022,-0.8660254037844386,0.5000000000000001,7414.0,7729.0,7757.0,7633.333333333333
2022-11-01,B,Eve Fuel,PREM,7604.0,1,1,0,11,2022,-0.5000000000000004,0.8660254037844384,7484.0,7414.0,7729.0,7542.333333333333
2022-12-01,B,Eve Fuel,PREM,8089.0,1,1,0,12,2022,-2.4492935982947064e-16,1.0,7604.0,7484.0,7414.0,7500.666666666667
2022-04-01,B,Eve Fuel,REG,19835.0,1,1,1,4,2022,0.8660254037844387,-0.4999999999999998,19885.0,19495.0,20128.0,19836.0
2022-05-01,B,Eve Fuel,REG,18744.0,1,1,1,5,2022,0.49999999999999994,-0.8660254037844387,19835.0,19885.0,19495.0,19738.333333333332
2022-06-01,B,Eve Fuel,REG,18865.0,1,1,1,6,2022,1.2246467991473532e-16,-1.0,18744.0,19835.0,19885.0,19488.0
2022-07-01,B,Eve Fuel,REG,17878.0,1,1,1,7,2022,-0.4999999999999997,-0.8660254037844388,18865.0,18744.0,19835.0,19148.0
2022-08-01,B,Eve Fuel,REG,18203.0,1,1,1,8,2022,-0.8660254037844385,-0.5000000000000004,17878.0,18865.0,18744.0,18495.666666666668
2022-09-01,B,Eve Fuel,REG,18366.0,1,1,1,9,2022,-1.0,-1.8369701987210297e-16,18203.0,17878.0,18865.0,18315.333333333332
2022-10-01,B,Eve Fuel,REG,18152.0,1,1,1,10,2022,-0.8660254037844386,0.5000000000000001,18366.0,18203.0,17878.0,18149.0
2022-11-01,B,Eve Fuel,REG,17905.0,1,1,1,11,2022,-0.5000000000000004,0.8660254037844384,18152.0,18366.0,18203.0,18240.333333333332
2022-12-01,B,Eve Fuel,REG,19217.0,1,1,1,12,2022,-2.4492935982947064e-16,1.0,17905.0,18152.0,18366.0,18141.0
2022-04-01,B,Eve Fuel,ULSD,25075.0,1,1,2,4,2022,0.8660254037844387,-0.4999999999999998,26108.0,25400.0,23943.0,25150.333333333332
2022-05-01,B,Eve Fuel,ULSD,24000.0,1,1,2,5,2022,0.49999999999999994,-0.8660254037844387,25075.0,26108.0,25400.0,25527.666666666668
2022-06-01,B,Eve Fuel,ULSD,23775.0,1,1,2,6,2022,1.2246467991473532e-16,-1.0,24000.0,25075.0,26108.0,25061.0
2022-07-01,B,Eve Fuel,ULSD,22633.0,1,1,2,7,2022,-0.4999999999999997,-0.8660254037844388,23775.0,24000.0,25075.0,24283.333333333332
2022-08-01,B,Eve Fuel,ULSD,22782.0,1,1,2,8,2022,-0.8660254037844385,-0.5000000000000004,22633.0,23775.0,24000.0,23469.333333333332
2022-09-01,B,Eve Fuel,ULSD,22937.0,1,1,2,9,2022,-1.0,-1.8369701987210297e-16,22782.0,22633.0,23775.0,23063.333333333332
2022-10-01,B,Eve Fuel,ULSD,22450.0,1,1,2,10,2022,-0.8660254037844386,0.5000000000000001,22937.0,22782.0,22633.0,22784.0
2022-11-01,B,Eve Fuel,ULSD,23256.0,1,1,2,11,2022,-0.5000000000000004,0.8660254037844384,22450.0,22937.0,22782.0,22723.0
2022-12-01,B,Eve Fuel,ULSD,23206.0,1,1,2,12,2022,-2.4492935982947064e-16,1.0,23256.0,22450.0,22937.0,22881.0
2022-04-01,B,Johnny Pop,PREM,6865.0,1,2,0,4,2022,0.8660254037844387,-0.4999999999999998,6552.0,6946.0,6413.0,6637.0
2022-05-01,B,Johnny Pop,PREM,6967.0,1,2,0,5,2022,0.49999999999999994,-0.8660254037844387,6865.0,6552.0,6946.0,6787.666666666667
2022-06-01,B,Johnny Pop,PREM,6705.0,1,2,0,6,2022,1.2246467991473532e-16,-1.0,6967.0,6865.0,6552.0,6794.666666666667
2022-07-01,B,Johnny Pop,PREM,6383.0,1,2,0,7,2022,-0.4999999999999997,-0.8660254037844388,6705.0,6967.0,6865.0,6845.666666666667
2022-08-01,B,Johnny Pop,PREM,6268.0,1,2,0,8,2022,-0.8660254037844385,-0.5000000000000004,6383.0,6705.0,6967.0,6685.0
2022-09-01,B,Johnny Pop,PREM,6047.0,1,2,0,9,2022,-1.0,-1.8369701987210297e-16,6268.0,6383.0,6705.0,6452.0
2022-10-01,B,Johnny Pop,PREM,5820.0,1,2,0,10,2022,-0.8660254037844386,0.5000000000000001,6047.0,6268.0,6383.0,6232.666666666667
2022-11-01,B,Johnny Pop,PREM,6130.0,1,2,0,11,2022,-0.5000000000000004,0.8660254037844384,5820.0,6047.0,6268.0,6045.0
2022-12-01,B,Johnny Pop,PREM,6433.0,1,2,0,12,2022,-2.4492935982947064e-16,1.0,6130.0,5820.0,6047.0,5999.0
2022-04-01,B,Johnny Pop,REG,16327.0,1,2,1,4,2022,0.8660254037844387,-0.4999999999999998,16793.0,16228.0,15668.0,16229.666666666666
2022-05-01,B,Johnny Pop,REG,15747.0,1,2,1,5,2022,0.49999999999999994,-0.8660254037844387,16327.0,16793.0,16228.0,16449.333333333332
2022-06-01,B,Johnny Pop,REG,15665.0,1,2,1,6,2022,1.2246467991473532e-16,-1.0,15747.0,16327.0,16793.0,16289.0
2022-07-01,B,Johnny Pop,REG,14735.0,1,2,1,7,2022,-0.4999999999999997,-0.8660254037844388,15665.0,15747.0,16327.0,15913.0
2022-08-01,B,Johnny Pop,REG,14709.0,1,2,1,8,2022,-0.8660254037844385,-0.5000000000000004,14735.0,15665.0,15747.0,15382.333333333334
2022-09-01,B,Johnny Pop,REG,15458.0,1,2,1,9,2022,-1.0,-1.8369701987210297e-16,14709.0,14735.0,15665.0,15036.333333333334
2022-10-01,B,Johnny Pop,REG,15640.0,1,2,1,10,2022,-0.8660254037844386,0.5000000000000001,15458.0,14709.0,14735.0,14967.333333333334
2022-11-01,B,Johnny Pop,REG,15217.0,1,2,1,11,2022,-0.5000000000000004,0.8660254037844384,15640.0,15458.0,14709.0,15269.0
2022-12-01,B,Johnny Pop,REG,14869.0,1,2,1,12,2022,-2.4492935982947064e-16,1.0,15217.0,15640.0,15458.0,15438.333333333334
2022-04-01,B,Johnny Pop,ULSD,19744.0,1,2,2,4,2022,0.8660254037844387,-0.4999999999999998,19932.0,20335.0,19321.0,19862.666666666668
2022-05-01,B,Johnny Pop,ULSD,20683.0,1,2,2,5,2022,0.49999999999999994,-0.8660254037844387,19744.0,19932.0,20335.0,20003.666666666668
2022-06-01,B,Johnny Pop,ULSD,19838.0,1,2,2,6,2022,1.2246467991473532e-16,-1.0,20683.0,19744.0,19932.0,20119.666666666668
2022-07-01,B,Johnny Pop,ULSD,19450.0,1,2,2,7,2022,-0.4999999999999997,-0.8660254037844388,19838.0,20683.0,19744.0,20088.333333333332
2022-08-01,B,Johnny Pop,ULSD,19507.0,1,2,2,8,2022,-0.8660254037844385,-0.5000000000000004,19450.0,19838.0,20683.0,19990.333333333332
2022-09-01,B,Johnny Pop,ULSD,17893.0,1,2,2,9,2022,-1.0,-1.8369701987210297e-16,19507.0,19450.0,19838.0,19598.333333333332
2022-10-01,B,Johnny Pop,ULSD,18326.0,1,2,2,10,2022,-0.8660254037844386,0.5000000000000001,17893.0,19507.0,19450.0,18950.0
2022-11-01,B,Johnny Pop,ULSD,19016.0,1,2,2,11,2022,-0.5000000000000004,0.8660254037844384,18326.0,17893.0,19507.0,18575.333333333332
2022-12-01,B,Johnny Pop,ULSD,18792.0,1,2,2,12,2022,-2.4492935982947064e-16,1.0,19016.0,18326.0,17893.0,18411.666666666668
2022-04-01,B,Rack,PREM,2095.0,1,3,0,4,2022,0.8660254037844387,-0.4999999999999998,1907.0,1907.0,1829.0,1881.0
2022-05-01,B,Rack,PREM,1852.0,1,3,0,5,2022,0.49999999999999994,-0.8660254037844387,2095.0,1907.0,1907.0,1969.6666666666667
2022-06-01,B,Rack,PREM,1834.0,1,3,0,6,2022,1.2246467991473532e-16,-1.0,1852.0,2095.0,1907.0,1951.3333333333333
2022-07-01,B,Rack,PREM,1725.0,1,3,0,7,2022,-0.4999999999999997,-0.8660254037844388,1834.0,1852.0,2095.0,1927.0
2022-08-01,B,Rack,PREM,1667.0,1,3,0,8,2022,-0.8660254037844385,-0.5000000000000004,1725.0,1834.0,1852.0,1803.6666666666667
2022-09-01,B,Rack,PREM,1667.0,1,3,0,9,2022,-1.0,-1.8369701987210297e-16,1667.0,1725.0,1834.0,1742.0
2022-10-01,B,Rack,PREM,1704.0,1,3,0,10,2022,-0.8660254037844386,0.5000000000000001,1667.0,1667.0,1725.0,1686.3333333333333
2022-11-01,B,Rack,PREM,1813.0,1,3,0,11,2022,-0.5000000000000004,0.8660254037844384,1704.0,1667.0,1667.0,1679.3333333333333
2022-12-01,B,Rack,PREM,1824.0,1,3,0,12,2022,-2.4492935982947064e-16,1.0,1813.0,1704.0,1667.0,1728.0
2022-04-01,B,Rack,REG,4276.0,1,3,1,4,2022,0.8660254037844387,-0.4999999999999998,4524.0,4352.0,4310.0,4395.333333333333
2022-05-01,B,Rack,REG,4349.0,1,3,1,5,2022,0.49999999999999994,-0.8660254037844387,4276.0,4524.0,4352.0,4384.0
2022-06-01,B,Rack,REG,4146.0,1,3,1,6,2022,1.2246467991473532e-16,-1.0,4349.0,4276.0,4524.0,4383.0
2022-07-01,B,Rack,REG,4073.0,1,3,1,7,2022,-0.4999999999999997,-0.8660254037844388,4146.0,4349.0,4276.0,4257.0
2022-08-01,B,Rack,REG,3930.0,1,3,1,8,2022,-0.8660254037844385,-0.5000000000000004,4073.0,4146.0,4349.0,4189.333333333333
2022-09-01,B,Rack,REG,3982.0,1,3,1,9,2022,-1.0,-1.8369701987210297e-16,3930.0,4073.0,4146.0,4049.6666666666665
2022-10-01,B,Rack,REG,4237.0,1,3,1,10,2022,-0.8660254037844386,0.5000000000000001,3982.0,3930.0,4073.0,3995.0
2022-11-01,B,Rack,REG,4367.0,1,3,1,11,2022,-0.5000000000000004,0.8660254037844384,4237.0,3982.0,3930.0,4049.6666666666665
2022-12-01,B,Rack,REG,4118.0,1,3,1,12,2022,-2.4492935982947064e-16,1.0,4367.0,4237.0,3982.0,4195.333333333333
2022-04-01,B,Rack,ULSD,5441.0,1,3,2,4,2022,0.8660254037844387,-0.4999999999999998,5461.0,5298.0,5300.0,5353.0
2022-05-01,B,Rack,ULSD,5664.0,1,3,2,5,2022,0.49999999999999994,-0.8660254037844387,5441.0,5461.0,5298.0,5400.0
2022-06-01,B,Rack,ULSD,5379.0,1,3,2,6,2022,1.2246467991473532e-16,-1.0,5664.0,5441.0,5461.0,5522.0
2022-07-01,B,Rack,ULSD,5137.0,1,3,2,7,2022,-0.4999999999999997,-0.8660254037844388,5379.0,5664.0,5441.0,5494.666666666667
2022-08-01,B,Rack,ULSD,5158.0,1,3,2,8,2022,-0.8660254037844385,-0.5000000000000004,5137.0,5379.0,5664.0,5393.333333333333
2022-09-01,B,Rack,ULSD,4917.0,1,3,2,9,2022,-1.0,-1.8369701987210297e-16,5158.0,5137.0,5379.0,5224.666666666667
2022-10-01,B,Rack,ULSD,5101.0,1,3,2,10,2022,-0.8660254037844386,0.5000000000000001,4917.0,5158.0,5137.0,5070.666666666667
2022-11-01,B,Rack,ULSD,5300.0,1,3,2,11,2022,-0.5000000000000004,0.8660254037844384,5101.0,4917.0,5158.0,5058.666666666667
2022-12-01,B,Rack,ULSD,5606.0,1,3,2,12,2022,-2.4492935982947064e-16,1.0,5300.0,5101.0,4917.0,5106.0
2022-04-01,B,Unbranded Fuel,PREM,7628.0,1,4,0,4,2022,0.8660254037844387,-0.4999999999999998,7678.0,7392.0,7247.0,7439.0
2022-05-01,B,Unbranded Fuel,PREM,7283.0,1,4,0,5,2022,0.49999999999999994,-0.8660254037844387,7628.0,7678.0,7392.0,7566.0
2022-06-01,B,Unbranded Fuel,PREM,7335.0,1,4,0,6,2022,1.2246467991473532e-16,-1.0,7283.0,7628.0,7678.0,7529.666666666667
2022-07-01,B,Unbranded Fuel,PREM,7220.0,1,4,0,7,2022,-0.4999999999999997,-0.8660254037844388,7335.0,7283.0,7628.0,7415.333333333333
2022-08-01,B,Unbranded Fuel,PREM,6782.0,1,4,0,8,2022,-0.8660254037844385,-0.5000000000000004,7220.0,7335.0,7283.0,7279.333333333333
2022-09-01,B,Unbranded Fuel,PREM,6850.0,1,4,0,9,2022,-1.0,-1.8369701987210297e-16,6782.0,7220.0,7335.0,7112.333333333333
2022-10-01,B,Unbranded Fuel,PREM,6502.0,1,4,0,10,2022,-0.8660254037844386,0.5000000000000001,6850.0,6782.0,7220.0,6950.666666666667
2022-11-01,B,Unbranded Fuel,PREM,7032.0,1,4,0,11,2022,-0.5000000000000004,0.8660254037844384,6502.0,6850.0,6782.0,6711.333333333333
2022-12-01,B,Unbranded Fuel,PREM,7354.0,1,4,0,12,2022,-2.4492935982947064e-16,1.0,7032.0,6502.0,6850.0,6794.666666666667
2022-04-01,B,Unbranded Fuel,REG,18404.0,1,4,1,4,2022,0.8660254037844387,-0.4999999999999998,18054.0,17563.0,16778.0,17465.0
2022-05-01,B,Unbranded Fuel,REG,16989.0,1,4,1,5,2022,0.49999999999999994,-0.8660254037844387,18404.0,18054.0,17563.0,18007.0
2022-06-01,B,Unbranded Fuel,REG,18173.0,1,4,1,6,2022,1.2246467991473532e-16,-1.0,16989.0,18404.0,18054.0,17815.666666666668
2022-07-01,B,Unbranded Fuel,REG,16410.0,1,4,1,7,2022,-0.4999999999999997,-0.8660254037844388,18173.0,16989.0,18404.0,17855.333333333332
2022-08-01,B,Unbranded Fuel,REG,16316.0,1,4,1,8,2022,-0.8660254037844385,-0.5000000000000004,16410.0,18173.0,16989.0,17190.666666666668
2022-09-01,B,Unbranded Fuel,REG,16519.0,1,4,1,9,2022,-1.0,-1.8369701987210297e-16,16316.0,16410.0,18173.0,16966.333333333332
2022-10-01,B,Unbranded Fuel,REG,16200.0,1,4,1,10,2022,-0.8660254037844386,0.5000000000000001,16519.0,16316.0,16410.0,16415.0
2022-11-01,B,Unbranded Fuel,REG,17345.0,1,4,1,11,2022,-0.5000000000000004,0.8660254037844384,16200.0,16519.0,16316.0,16345.0
2022-12-01,B,Unbranded Fuel,REG,17351.0,1,4,1,12,2022,-2.4492935982947064e-16,1.0,17345.0,16200.0,16519.0,16688.0
2022-04-01,B,Unbranded Fuel,ULSD,22575.0,1,4,2,4,2022,0.8660254037844387,-0.4999999999999998,23234.0,22597.0,21537.0,22456.0
2022-05-01,B,Unbranded Fuel,ULSD,22435.0,1,4,2,5,2022,0.49999999999999994,-0.8660254037844387,22575.0,23234.0,22597.0,22802.0
2022-06-01,B,Unbranded Fuel,ULSD,21810.0,1,4,2,6,2022,1.2246467991473532e-16,-1.0,22435.0,22575.0,23234.0,22748.0
2022-07-01,B,Unbranded Fuel,ULSD,22444.0,1,4,2,7,2022,-0.4999999999999997,-0.8660254037844388,21810.0,22435.0,22575.0,22273.333333333332
2022-08-01,B,Unbranded Fuel,ULSD,19609.0,1,4,2,8,2022,-0.8660254037844385,-0.5000000000000004,22444.0,21810.0,22435.0,22229.666666666668
2022-09-01,B,Unbranded Fuel,ULSD,19981.0,1,4,2,9,2022,-1.0,-1.8369701987210297e-16,19609.0,22444.0,21810.0,21287.666666666668
2022-10-01,B,Unbranded Fuel,ULSD,20909.0,1,4,2,10,2022,-0.8660254037844386,0.5000000000000001,19981.0,19609.0,22444.0,20678.0
2022-11-01,B,Unbranded Fuel,ULSD,21364.0,1,4,2,11,2022,-0.5000000000000004,0.8660254037844384,20909.0,19981.0,19609.0,20166.333333333332
2022-12-01,B,Unbranded Fuel,ULSD,22206.0,1,4,2,12,2022,-2.4492935982947064e-16,1.0,21364.0,20909.0,19981.0,20751.333333333332
2022-04-01,C,Branded Fuel,PREM,17143.0,2,0,0,4,2022,0.8660254037844387,-0.4999999999999998,17493.0,16624.0,16445.0,16854.0
2022-05-01,C,Branded Fuel,PREM,17288.0,2,0,0,5,2022,0.49999999999999994,-0.8660254037844387,17143.0,17493.0,16624.0,17086.666666666668
2022-06-01,C,Branded Fuel,PREM,16218.0,2,0,0,6,2022,1.2246467991473532e-16,-1.0,17288.0,17143.0,17493.0,17308.0
2022-07-01,C,Branded Fuel,PREM,15700.0,2,0,0,7,2022,-0.4999999999999997,-0.8660254037844388,16218.0,17288.0,17143.0,16883.0
2022-08-01,C,Branded Fuel,PREM,15080.0,2,0,0,8,2022,-0.8660254037844385,-0.5000000000000004,15700.0,16218.0,17288.0,16402.0
2022-09-01,C,Branded Fuel,PREM,14991.0,2,0,0,9,2022,-1.0,-1.8369701987210297e-16,15080.0,15700.0,16218.0,15666.0
2022-10-01,C,Branded Fuel,PREM,15695.0,2,0,0,10,2022,-0.8660254037844386,0.5000000000000001,14991.0,15080.0,15700.0,15257.0
2022-11-01,C,Branded Fuel,PREM,15575.0,2,0,0,11,2022,-0.5000000000000004,0.8660254037844384,15695.0,14991.0,15080.0,15255.333333333334
2022-12-01,C,Branded Fuel,PREM,15760.0,2,0,0,12,2022,-2.4492935982947064e-16,1.0,15575.0,15695.0,14991.0,15420.333333333334
2022-04-01,C,Branded Fuel,REG,39610.0,2,0,1,4,2022,0.8660254037844387,-0.4999999999999998,40720.0,40206.0,36889.0,39271.666666666664
2022-05-01,C,Branded Fuel,REG,38488.0,2,0,1,5,2022,0.49999999999999994,-0.8660254037844387,39610.0,40720.0,40206.0,40178.666666666664
2022-06-01,C,Branded Fuel,REG,37869.0,2,0,1,6,2022,1.2246467991473532e-16,-1.0,38488.0,39610.0,40720.0,39606.0
2022-07-01,C,Branded Fuel,REG,38796.0,2,0,1,7,2022,-0.4999999999999997,-0.8660254037844388,37869.0,38488.0,39610.0,38655.666666666664
2022-08-01,C,Branded Fuel,REG,35446.0,2,0,1,8,2022,-0.8660254037844385,-0.5000000000000004,38796.0,37869.0,38488.0,38384.333333333336
2022-09-01,C,Branded Fuel,REG,35260.0,2,0,1,9,2022,-1.0,-1.8369701987210297e-16,35446.0,38796.0,37869.0,37370.333333333336
2022-10-01,C,Branded Fuel,REG,37428.0,2,0,1,10,2022,-0.8660254037844386,0.5000000000000001,35260.0,35446.0,38796.0,36500.666666666664
2022-11-01,C,Branded Fuel,REG,37364.0,2,0,1,11,2022,-0.5000000000000004,0.8660254037844384,37428.0,35260.0,35446.0,36044.666666666664
2022-12-01,C,Branded Fuel,REG,36802.0,2,0,1,12,2022,-2.4492935982947064e-16,1.0,37364.0,37428.0,35260.0,36684.0
2022-04-01,C,Branded Fuel,ULSD,51834.0,2,0,2,4,2022,0.8660254037844387,-0.4999999999999998,49680.0,49330.0,49487.0,49499.0
2022-05-01,C,Branded Fuel,ULSD,51235.0,2,0,2,5,2022,0.49999999999999994,-0.8660254037844387,51834.0,49680.0,49330.0,50281.333333333336
2022-06-01,C,Branded Fuel,ULSD,48410.0,2,0,2,6,2022,1.2246467991473532e-16,-1.0,51235.0,51834.0,49680.0,50916.333333333336
2022-07-01,C,Branded Fuel,ULSD,45227.0,2,0,2,7,2022,-0.4999999999999997,-0.8660254037844388,48410.0,51235.0,51834.0,50493.0
2022-08-01,C,Branded Fuel,ULSD,44842.0,2,0,2,8,2022,-0.8660254037844385,-0.5000000000000004,45227.0,48410.0,51235.0,48290.666666666664
2022-09-01,C,Branded Fuel,ULSD,45556.0,2,0,2,9,2022,-1.0,-1.8369701987210297e-16,44842.0,45227.0,48410.0,46159.666666666664
2022-10-01,C,Branded Fuel,ULSD,46662.0,2,0,2,10,2022,-0.8660254037844386,0.5000000000000001,45556.0,44842.0,45227.0,45208.333333333336
2022-11-01,C,Branded Fuel,ULSD,46869.0,2,0,2,11,2022,-0.5000000000000004,0.8660254037844384,46662.0,45556.0,44842.0,45686.666666666664
2022-12-01,C,Branded Fuel,ULSD,46734.0,2,0,2,12,2022,-2.4492935982947064e-16,1.0,46869.0,46662.0,45556.0,46362.333333333336
2022-04-01,C,Eve Fuel,PREM,11291.0,2,1,0,4,2022,0.8660254037844387,-0.4999999999999998,10315.0,10110.0,10603.0,10342.666666666666
2022-05-01,C,Eve Fuel,PREM,10408.0,2,1,0,5,2022,0.49999999999999994,-0.8660254037844387,11291.0,10315.0,10110.0,10572.0
2022-06-01,C,Eve Fuel,PREM,9870.0,2,1,0,6,2022,1.2246467991473532e-16,-1.0,10408.0,11291.0,10315.0,10671.333333333334
2022-07-01,C,Eve Fuel,PREM,9395.0,2,1,0,7,2022,-0.4999999999999997,-0.8660254037844388,9870.0,10408.0,11291.0,10523.0
2022-08-01,C,Eve Fuel,PREM,10252.0,2,1,0,8,2022,-0.8660254037844385,-0.5000000000000004,9395.0,9870.0,10408.0,9891.0
2022-09-01,C,Eve Fuel,PREM,9133.0,2,1,0,9,2022,-1.0,-1.8369701987210297e-16,10252.0,9395.0,9870.0,9839.0
2022-10-01,C,Eve Fuel,PREM,9780.0,2,1,0,10,2022,-0.8660254037844386,0.5000000000000001,9133.0,10252.0,9395.0,9593.333333333334
2022-11-01,C,Eve Fuel,PREM,9768.0,2,1,0,11,2022,-0.5000000000000004,0.8660254037844384,9780.0,9133.0,10252.0,9721.666666666666
2022-12-01,C,Eve Fuel,PREM,9961.0,2,1,0,12,2022,-2.4492935982947064e-16,1.0,9768.0,9780.0,9133.0,9560.333333333334
2022-04-01,C,Eve Fuel,REG,25647.0,2,1,1,4,2022,0.8660254037844387,-0.4999999999999998,24696.0,23975.0,23734.0,24135.0
2022-05-01,C,Eve Fuel,REG,24977.0,2,1,1,5,2022,0.49999999999999994,-0.8660254037844387,25647.0,24696.0,23975.0,24772.666666666668
2022-06-01,C,Eve Fuel,REG,23929.0,2,1,1,6,2022,1.2246467991473532e-16,-1.0,24977.0,25647.0,24696.0,25106.666666666668
2022-07-01,C,Eve Fuel,REG,23104.0,2,1,1,7,2022,-0.4999999999999997,-0.8660254037844388,23929.0,24977.0,25647.0,24851.0
2022-08-01,C,Eve Fuel,REG,22447.0,2,1,1,8,2022,-0.8660254037844385,-0.5000000000000004,23104.0,23929.0,24977.0,24003.333333333332
2022-09-01,C,Eve Fuel,REG,23351.0,2,1,1,9,2022,-1.0,-1.8369701987210297e-16,22447.0,23104.0,23929.0,23160.0
2022-10-01,C,Eve Fuel,REG,21469.0,2,1,1,10,2022,-0.8660254037844386,0.5000000000000001,23351.0,22447.0,23104.0,22967.333333333332
2022-11-01,C,Eve Fuel,REG,22271.0,2,1,1,11,2022,-0.5000000000000004,0.8660254037844384,21469.0,23351.0,22447.0,22422.333333333332
2022-12-01,C,Eve Fuel,REG,23812.0,2,1,1,12,2022,-2.4492935982947064e-16,1.0,22271.0,21469.0,23351.0,22363.666666666668
2022-04-01,C,Eve Fuel,ULSD,32217.0,2,1,2,4,2022,0.8660254037844387,-0.4999999999999998,32118.0,31767.0,30557.0,31480.666666666668
2022-05-01,C,Eve Fuel,ULSD,32465.0,2,1,2,5,2022,0.49999999999999994,-0.8660254037844387,32217.0,32118.0,31767.0,32034.0
2022-06-01,C,Eve Fuel,ULSD,30349.0,2,1,2,6,2022,1.2246467991473532e-16,-1.0,32465.0,32217.0,32118.0,32266.666666666668
2022-07-01,C,Eve Fuel,ULSD,28803.0,2,1,2,7,2022,-0.4999999999999997,-0.8660254037844388,30349.0,32465.0,32217.0,31677.0
2022-08-01,C,Eve Fuel,ULSD,28991.0,2,1,2,8,2022,-0.8660254037844385,-0.5000000000000004,28803.0,30349.0,32465.0,30539.0
2022-09-01,C,Eve Fuel,ULSD,29076.0,2,1,2,9,2022,-1.0,-1.8369701987210297e-16,28991.0,28803.0,30349.0,29381.0
2022-10-01,C,Eve Fuel,ULSD,29061.0,2,1,2,10,2022,-0.8660254037844386,0.5000000000000001,29076.0,28991.0,28803.0,28956.666666666668
2022-11-01,C,Eve Fuel,ULSD,28098.0,2,1,2,11,2022,-0.5000000000000004,0.8660254037844384,29061.0,29076.0,28991.0,29042.666666666668
2022-12-01,C,Eve Fuel,ULSD,30031.0,2,1,2,12,2022,-2.4492935982947064e-16,1.0,28098.0,29061.0,29076.0,28745.0
2022-04-01,C,Johnny Pop,PREM,8155.0,2,2,0,4,2022,0.8660254037844387,-0.4999999999999998,8899.0,8530.0,8531.0,8653.333333333334
2022-05-01,C,Johnny Pop,PREM,8656.0,2,2,0,5,2022,0.49999999999999994,-0.8660254037844387,8155.0,8899.0,8530.0,8528.0
2022-06-01,C,Johnny Pop,PREM,8341.0,2,2,0,6,2022,1.2246467991473532e-16,-1.0,8656.0,8155.0,8899.0,8570.0
2022-07-01,C,Johnny Pop,PREM,7928.0,2,2,0,7,2022,-0.4999999999999997,-0.8660254037844388,8341.0,8656.0,8155.0,8384.0
2022-08-01,C,Johnny Pop,PREM,7930.0,2,2,0,8,2022,-0.8660254037844385,-0.5000000000000004,7928.0,8341.0,8656.0,8308.333333333334
2022-09-01,C,Johnny Pop,PREM,7994.0,2,2,0,9,2022,-1.0,-1.8369701987210297e-16,7930.0,7928.0,8341.0,8066.333333333333
2022-10-01,C,Johnny Pop,PREM,7823.0,2,2,0,10,2022,-0.8660254037844386,0.5000000000000001,7994.0,7930.0,7928.0,7950.666666666667
2022-11-01,C,Johnny Pop,PREM,8477.0,2,2,0,11,2022,-0.5000000000000004,0.8660254037844384,7823.0,7994.0,7930.0,7915.666666666667
2022-12-01,C,Johnny Pop,PREM,8541.0,2,2,0,12,2022,-2.4492935982947064e-16,1.0,8477.0,7823.0,7994.0,8098.0
2022-04-01,C,Johnny Pop,REG,20041.0,2,2,1,4,2022,0.8660254037844387,-0.4999999999999998,21804.0,20699.0,20283.0,20928.666666666668
2022-05-01,C,Johnny Pop,REG,20277.0,2,2,1,5,2022,0.49999999999999994,-0.8660254037844387,20041.0,21804.0,20699.0,20848.0
2022-06-01,C,Johnny Pop,REG,19178.0,2,2,1,6,2022,1.2246467991473532e-16,-1.0,20277.0,20041.0,21804.0,20707.333333333332
2022-07-01,C,Johnny Pop,REG,18188.0,2,2,1,7,2022,-0.4999999999999997,-0.8660254037844388,19178.0,20277.0,20041.0,19832.0
2022-08-01,C,Johnny Pop,REG,18753.0,2,2,1,8,2022,-0.8660254037844385,-0.5000000000000004,18188.0,19178.0,20277.0,19214.333333333332
2022-09-01,C,Johnny Pop,REG,18962.0,2,2,1,9,2022,-1.0,-1.8369701987210297e-16,18753.0,18188.0,19178.0,18706.333333333332
2022-10-01,C,Johnny Pop,REG,18946.0,2,2,1,10,2022,-0.8660254037844386,0.5000000000000001,18962.0,18753.0,18188.0,18634.333333333332
2022-11-01,C,Johnny Pop,REG,19647.0,2,2,1,11,2022,-0.5000000000000004,0.8660254037844384,18946.0,18962.0,18753.0,18887.0
2022-12-01,C,Johnny Pop,REG,19857.0,2,2,1,12,2022,-2.4492935982947064e-16,1.0,19647.0,18946.0,18962.0,19185.0
2022-04-01,C,Johnny Pop,ULSD,26798.0,2,2,2,4,2022,0.8660254037844387,-0.4999999999999998,26353.0,26669.0,26876.0,26632.666666666668
2022-05-01,C,Johnny Pop,ULSD,24364.0,2,2,2,5,2022,0.49999999999999994,-0.8660254037844387,26798.0,26353.0,26669.0,26606.666666666668
2022-06-01,C,Johnny Pop,ULSD,24171.0,2,2,2,6,2022,1.2246467991473532e-16,-1.0,24364.0,26798.0,26353.0,25838.333333333332
2022-07-01,C,Johnny Pop,ULSD,24576.0,2,2,2,7,2022,-0.4999999999999997,-0.8660254037844388,24171.0,24364.0,26798.0,25111.0
2022-08-01,C,Johnny Pop,ULSD,24445.0,2,2,2,8,2022,-0.8660254037844385,-0.5000000000000004,24576.0,24171.0,24364.0,24370.333333333332
2022-09-01,C,Johnny Pop,ULSD,23562.0,2,2,2,9,2022,-1.0,-1.8369701987210297e-16,24445.0,24576.0,24171.0,24397.333333333332
2022-10-01,C,Johnny Pop,ULSD,24960.0,2,2,2,10,2022,-0.8660254037844386,0.5000000000000001,23562.0,24445.0,24576.0,24194.333333333332
2022-11-01,C,Johnny Pop,ULSD,25330.0,2,2,2,11,2022,-0.5000000000000004,0.8660254037844384,24960.0,23562.0,24445.0,24322.333333333332
2022-12-01,C,Johnny Pop,ULSD,25704.0,2,2,2,12,2022,-2.4492935982947064e-16,1.0,25330.0,24960.0,23562.0,24617.333333333332
2022-04-01,C,Rack,PREM,2366.0,2,3,0,4,2022,0.8660254037844387,-0.4999999999999998,2485.0,2388.0,2253.0,2375.3333333333335
2022-05-01,C,Rack,PREM,2508.0,2,3,0,5,2022,0.49999999999999994,-0.8660254037844387,2366.0,2485.0,2388.0,2413.0
2022-06-01,C,Rack,PREM,2267.0,2,3,0,6,2022,1.2246467991473532e-16,-1.0,2508.0,2366.0,2485.0,2453.0
2022-07-01,C,Rack,PREM,2212.0,2,3,0,7,2022,-0.4999999999999997,-0.8660254037844388,2267.0,2508.0,2366.0,2380.3333333333335
2022-08-01,C,Rack,PREM,2193.0,2,3,0,8,2022,-0.8660254037844385,-0.5000000000000004,2212.0,2267.0,2508.0,2329.0
2022-09-01,C,Rack,PREM,2135.0,2,3,0,9,2022,-1.0,-1.8369701987210297e-16,2193.0,2212.0,2267.0,2224.0
2022-10-01,C,Rack,PREM,2212.0,2,3,0,10,2022,-0.8660254037844386,0.5000000000000001,2135.0,2193.0,2212.0,2180.0
2022-11-01,C,Rack,PREM,2226.0,2,3,0,11,2022,-0.5000000000000004,0.8660254037844384,2212.0,2135.0,2193.0,2180.0
2022-12-01,C,Rack,PREM,2193.0,2,3,0,12,2022,-2.4492935982947064e-16,1.0,2226.0,2212.0,2135.0,2191.0
2022-04-01,C,Rack,REG,5713.0,2,3,1,4,2022,0.8660254037844387,-0.4999999999999998,5849.0,5659.0,5632.0,5713.333333333333
2022-05-01,C,Rack,REG,5534.0,2,3,1,5,2022,0.49999999999999994,-0.8660254037844387,5713.0,5849.0,5659.0,5740.333333333333
2022-06-01,C,Rack,REG,5370.0,2,3,1,6,2022,1.2246467991473532e-16,-1.0,5534.0,5713.0,5849.0,5698.666666666667
2022-07-01,C,Rack,REG,5524.0,2,3,1,7,2022,-0.4999999999999997,-0.8660254037844388,5370.0,5534.0,5713.0,5539.0
2022-08-01,C,Rack,REG,5038.0,2,3,1,8,2022,-0.8660254037844385,-0.5000000000000004,5524.0,5370.0,5534.0,5476.0
2022-09-01,C,Rack,REG,5306.0,2,3,1,9,2022,-1.0,-1.8369701987210297e-16,5038.0,5524.0,5370.0,5310.666666666667
2022-10-01,C,Rack,REG,5405.0,2,3,1,10,2022,-0.8660254037844386,0.5000000000000001,5306.0,5038.0,5524.0,5289.333333333333
2022-11-01,C,Rack,REG,5119.0,2,3,1,11,2022,-0.5000000000000004,0.8660254037844384,5405.0,5306.0,5038.0,5249.666666666667
2022-12-01,C,Rack,REG,5432.0,2,3,1,12,2022,-2.4492935982947064e-16,1.0,5119.0,5405.0,5306.0,5276.666666666667
2022-04-01,C,Rack,ULSD,7131.0,2,3,2,4,2022,0.8660254037844387,-0.4999999999999998,7309.0,7114.0,7247.0,7223.333333333333
2022-05-01,C,Rack,ULSD,6864.0,2,3,2,5,2022,0.49999999999999994,-0.8660254037844387,7131.0,7309.0,7114.0,7184.666666666667
2022-06-01,C,Rack,ULSD,7102.0,2,3,2,6,2022,1.2246467991473532e-16,-1.0,6864.0,7131.0,7309.0,7101.333333333333
2022-07-01,C,Rack,ULSD,6966.0,2,3,2,7,2022,-0.4999999999999997,-0.8660254037844388,7102.0,6864.0,7131.0,7032.333333333333
2022-08-01,C,Rack,ULSD,6496.0,2,3,2,8,2022,-0.8660254037844385,-0.5000000000000004,6966.0,7102.0,6864.0,6977.333333333333
2022-09-01,C,Rack,ULSD,6442.0,2,3,2,9,2022,-1.0,-1.8369701987210297e-16,6496.0,6966.0,7102.0,6854.666666666667
2022-10-01,C,Rack,ULSD,6765.0,2,3,2,10,2022,-0.8660254037844386,0.5000000000000001,6442.0,6496.0,6966.0,6634.666666666667
2022-11-01,C,Rack,ULSD,6523.0,2,3,2,11,2022,-0.5000000000000004,0.8660254037844384,6765.0,6442.0,6496.0,6567.666666666667
2022-12-01,C,Rack,ULSD,7023.0,2,3,2,12,2022,-2.4492935982947064e-16,1.0,6523.0,6765.0,6442.0,6576.666666666667
2022-04-01,C,Unbranded Fuel,PREM,9134.0,2,4,0,4,2022,0.8660254037844387,-0.4999999999999998,9422.0,9367.0,9345.0,9378.0
2022-05-01,C,Unbranded Fuel,PREM,9080.0,2,4,0,5,2022,0.49999999999999994,-0.8660254037844387,9134.0,9422.0,9367.0,9307.666666666666
2022-06-01,C,Unbranded Fuel,PREM,9060.0,2,4,0,6,2022,1.2246467991473532e-16,-1.0,9080.0,9134.0,9422.0,9212.0
2022-07-01,C,Unbranded Fuel,PREM,8983.0,2,4,0,7,2022,-0.4999999999999997,-0.8660254037844388,9060.0,9080.0,9134.0,9091.333333333334
2022-08-01,C,Unbranded Fuel,PREM,8858.0,2,4,0,8,2022,-0.8660254037844385,-0.5000000000000004,8983.0,9060.0,9080.0,9041.0
2022-09-01,C,Unbranded Fuel,PREM,8890.0,2,4,0,9,2022,-1.0,-1.8369701987210297e-16,8858.0,8983.0,9060.0,8967.0
2022-10-01,C,Unbranded Fuel,PREM,9401.0,2,4,0,10,2022,-0.8660254037844386,0.5000000000000001,8890.0,8858.0,8983.0,8910.333333333334
2022-11-01,C,Unbranded Fuel,PREM,8566.0,2,4,0,11,2022,-0.5000000000000004,0.8660254037844384,9401.0,8890.0,8858.0,9049.666666666666
2022-12-01,C,Unbranded Fuel,PREM,8811.0,2,4,0,12,2022,-2.4492935982947064e-16,1.0,8566.0,9401.0,8890.0,8952.333333333334
2022-04-01,C,Unbranded Fuel,REG,22464.0,2,4,1,4,2022,0.8660254037844387,-0.4999999999999998,22123.0,22800.0,21504.0,22142.333333333332
2022-05-01,C,Unbranded Fuel,REG,22443.0,2,4,1,5,2022,0.49999999999999994,-0.8660254037844387,22464.0,22123.0,22800.0,22462.333333333332
2022-06-01,C,Unbranded Fuel,REG,22121.0,2,4,1,6,2022,1.2246467991473532e-16,-1.0,22443.0,22464.0,22123.0,22343.333333333332
2022-07-01,C,Unbranded Fuel,REG,21231.0,2,4,1,7,2022,-0.4999999999999997,-0.8660254037844388,22121.0,22443.0,22464.0,22342.666666666668
2022-08-01,C,Unbranded Fuel,REG,20557.0,2,4,1,8,2022,-0.8660254037844385,-0.5000000000000004,21231.0,22121.0,22443.0,21931.666666666668
2022-09-01,C,Unbranded Fuel,REG,20819.0,2,4,1,9,2022,-1.0,-1.8369701987210297e-16,20557.0,21231.0,22121.0,21303.0
2022-10-01,C,Unbranded Fuel,REG,19977.0,2,4,1,10,2022,-0.8660254037844386,0.5000000000000001,20819.0,20557.0,21231.0,20869.0
2022-11-01,C,Unbranded Fuel,REG,20479.0,2,4,1,11,2022,-0.5000000000000004,0.8660254037844384,19977.0,20819.0,20557.0,20451.0
2022-12-01,C,Unbranded Fuel,REG,22456.0,2,4,1,12,2022,-2.4492935982947064e-16,1.0,20479.0,19977.0,20819.0,20425.0
2022-04-01,C,Unbranded Fuel,ULSD,29358.0,2,4,2,4,2022,0.8660254037844387,-0.4999999999999998,29182.0,28512.0,27392.0,28362.0
2022-05-01,C,Unbranded Fuel,ULSD,28299.0,2,4,2,5,2022,0.49999999999999994,-0.8660254037844387,29358.0,29182.0,28512.0,29017.333333333332
2022-06-01,C,Unbranded Fuel,ULSD,27039.0,2,4,2,6,2022,1.2246467991473532e-16,-1.0,28299.0,29358.0,29182.0,28946.333333333332
2022-07-01,C,Unbranded Fuel,ULSD,28389.0,2,4,2,7,2022,-0.4999999999999997,-0.8660254037844388,27039.0,28299.0,29358.0,28232.0
2022-08-01,C,Unbranded Fuel,ULSD,26804.0,2,4,2,8,2022,-0.8660254037844385,-0.5000000000000004,28389.0,27039.0,28299.0,27909.0
2022-09-01,C,Unbranded Fuel,ULSD,25506.0,2,4,2,9,2022,-1.0,-1.8369701987210297e-16,26804.0,28389.0,27039.0,27410.666666666668
2022-10-01,C,Unbranded Fuel,ULSD,26231.0,2,4,2,10,2022,-0.8660254037844386,0.5000000000000001,25506.0,26804.0,28389.0,26899.666666666668
2022-11-01,C,Unbranded Fuel,ULSD,26565.0,2,4,2,11,2022,-0.5000000000000004,0.8660254037844384,26231.0,25506.0,26804.0,26180.333333333332
2022-12-01,C,Unbranded Fuel,ULSD,28110.0,2,4,2,12,2022,-2.4492935982947064e-16,1.0,26565.0,26231.0,25506.0,26100.666666666668
2022-04-01,D,Branded Fuel,PREM,11016.0,3,0,0,4,2022,0.8660254037844387,-0.4999999999999998,11506.0,10571.0,10663.0,10913.333333333334
2022-05-01,D,Branded Fuel,PREM,10862.0,3,0,0,5,2022,0.49999999999999994,-0.8660254037844387,11016.0,11506.0,10571.0,11031.0
2022-06-01,D,Branded Fuel,PREM,10409.0,3,0,0,6,2022,1.2246467991473532e-16,-1.0,10862.0,11016.0,11506.0,11128.0
2022-07-01,D,Branded Fuel,PREM,10273.0,3,0,0,7,2022,-0.4999999999999997,-0.8660254037844388,10409.0,10862.0,11016.0,10762.333333333334
2022-08-01,D,Branded Fuel,PREM,10139.0,3,0,0,8,2022,-0.8660254037844385,-0.5000000000000004,10273.0,10409.0,10862.0,10514.666666666666
2022-09-01,D,Branded Fuel,PREM,9860.0,3,0,0,9,2022,-1.0,-1.8369701987210297e-16,10139.0,10273.0,10409.0,10273.666666666666
2022-10-01,D,Branded Fuel,PREM,9750.0,3,0,0,10,2022,-0.8660254037844386,0.5000000000000001,9860.0,10139.0,10273.0,10090.666666666666
2022-11-01,D,Branded Fuel,PREM,10230.0,3,0,0,11,2022,-0.5000000000000004,0.8660254037844384,9750.0,9860.0,10139.0,9916.333333333334
2022-12-01,D,Branded Fuel,PREM,10547.0,3,0,0,12,2022,-2.4492935982947064e-16,1.0,10230.0,9750.0,9860.0,9946.666666666666
2022-04-01,D,Branded Fuel,REG,26053.0,3,0,1,4,2022,0.8660254037844387,-0.4999999999999998,26124.0,26064.0,25042.0,25743.333333333332
2022-05-01,D,Branded Fuel,REG,25109.0,3,0,1,5,2022,0.49999999999999994,-0.8660254037844387,26053.0,26124.0,26064.0,26080.333333333332
2022-06-01,D,Branded Fuel,REG,25579.0,3,0,1,6,2022,1.2246467991473532e-16,-1.0,25109.0,26053.0,26124.0,25762.0
2022-07-01,D,Branded Fuel,REG,23195.0,3,0,1,7,2022,-0.4999999999999997,-0.8660254037844388,25579.0,25109.0,26053.0,25580.333333333332
2022-08-01,D,Branded Fuel,REG,22773.0,3,0,1,8,2022,-0.8660254037844385,-0.5000000000000004,23195.0,25579.0,25109.0,24627.666666666668
2022-09-01,D,Branded Fuel,REG,23644.0,3,0,1,9,2022,-1.0,-1.8369701987210297e-16,22773.0,23195.0,25579.0,23849.0
2022-10-01,D,Branded Fuel,REG,24200.0,3,0,1,10,2022,-0.8660254037844386,0.5000000000000001,23644.0,22773.0,23195.0,23204.0
2022-11-01,D,Branded Fuel,REG,24118.0,3,0,1,11,2022,-0.5000000000000004,0.8660254037844384,24200.0,23644.0,22773.0,23539.0
2022-12-01,D,Branded Fuel,REG,24530.0,3,0,1,12,2022,-2.4492935982947064e-16,1.0,24118.0,24200.0,23644.0,23987.333333333332
2022-04-01,D,Branded Fuel,ULSD,31801.0,3,0,2,4,2022,0.8660254037844387,-0.4999999999999998,34957.0,33036.0,33311.0,33768.0
2022-05-01,D,Branded Fuel,ULSD,32857.0,3,0,2,5,2022,0.49999999999999994,-0.8660254037844387,31801.0,34957.0,33036.0,33264.666666666664
2022-06-01,D,Branded Fuel,ULSD,30170.0,3,0,2,6,2022,1.2246467991473532e-16,-1.0,32857.0,31801.0,34957.0,33205.0
2022-07-01,D,Branded Fuel,ULSD,30581.0,3,0,2,7,2022,-0.4999999999999997,-0.8660254037844388,30170.0,32857.0,31801.0,31609.333333333332
2022-08-01,D,Branded Fuel,ULSD,30821.0,3,0,2,8,2022,-0.8660254037844385,-0.5000000000000004,30581.0,30170.0,32857.0,31202.666666666668
2022-09-01,D,Branded Fuel,ULSD,29968.0,3,0,2,9,2022,-1.0,-1.8369701987210297e-16,30821.0,30581.0,30170.0,30524.0
2022-10-01,D,Branded Fuel,ULSD,29368.0,3,0,2,10,2022,-0.8660254037844386,0.5000000000000001,29968.0,30821.0,30581.0,30456.666666666668
2022-11-01,D,Branded Fuel,ULSD,30662.0,3,0,2,11,2022,-0.5000000000000004,0.8660254037844384,29368.0,29968.0,30821.0,30052.333333333332
2022-12-01,D,Branded Fuel,ULSD,33158.0,3,0,2,12,2022,-2.4492935982947064e-16,1.0,30662.0,29368.0,29968.0,29999.333333333332
2022-04-01,D,Eve Fuel,PREM,7017.0,3,1,0,4,2022,0.8660254037844387,-0.4999999999999998,7102.0,6948.0,6954.0,7001.333333333333
2022-05-01,D,Eve Fuel,PREM,6624.0,3,1,0,5,2022,0.49999999999999994,-0.8660254037844387,7017.0,7102.0,6948.0,7022.333333333333
2022-06-01,D,Eve Fuel,PREM,6401.0,3,1,0,6,2022,1.2246467991473532e-16,-1.0,6624.0,7017.0,7102.0,6914.333333333333
2022-07-01,D,Eve Fuel,PREM,6291.0,3,1,0,7,2022,-0.4999999999999997,-0.8660254037844388,6401.0,6624.0,7017.0,6680.666666666667
2022-08-01,D,Eve Fuel,PREM,6267.0,3,1,0,8,2022,-0.8660254037844385,-0.5000000000000004,6291.0,6401.0,6624.0,6438.666666666667
2022-09-01,D,Eve Fuel,PREM,6279.0,3,1,0,9,2022,-1.0,-1.8369701987210297e-16,6267.0,6291.0,6401.0,6319.666666666667
2022-10-01,D,Eve Fuel,PREM,6218.0,3,1,0,10,2022,-0.8660254037844386,0.5000000000000001,6279.0,6267.0,6291.0,6279.0
2022-11-01,D,Eve Fuel,PREM,6446.0,3,1,0,11,2022,-0.5000000000000004,0.8660254037844384,6218.0,6279.0,6267.0,6254.666666666667
2022-12-01,D,Eve Fuel,PREM,6818.0,3,1,0,12,2022,-2.4492935982947064e-16,1.0,6446.0,6218.0,6279.0,6314.333333333333
2022-04-01,D,Eve Fuel,REG,15995.0,3,1,1,4,2022,0.8660254037844387,-0.4999999999999998,16020.0,15412.0,16223.0,15885.0
2022-05-01,D,Eve Fuel,REG,15967.0,3,1,1,5,2022,0.49999999999999994,-0.8660254037844387,15995.0,16020.0,15412.0,15809.0
2022-06-01,D,Eve Fuel,REG,15821.0,3,1,1,6,2022,1.2246467991473532e-16,-1.0,15967.0,15995.0,16020.0,15994.0
2022-07-01,D,Eve Fuel,REG,15609.0,3,1,1,7,2022,-0.4999999999999997,-0.8660254037844388,15821.0,15967.0,15995.0,15927.666666666666
2022-08-01,D,Eve Fuel,REG,14873.0,3,1,1,8,2022,-0.8660254037844385,-0.5000000000000004,15609.0,15821.0,15967.0,15799.0
2022-09-01,D,Eve Fuel,REG,15177.0,3,1,1,9,2022,-1.0,-1.8369701987210297e-16,14873.0,15609.0,15821.0,15434.333333333334
2022-10-01,D,Eve Fuel,REG,15028.0,3,1,1,10,2022,-0.8660254037844386,0.5000000000000001,15177.0,14873.0,15609.0,15219.666666666666
2022-11-01,D,Eve Fuel,REG,16131.0,3,1,1,11,2022,-0.5000000000000004,0.8660254037844384,15028.0,15177.0,14873.0,15026.0
2022-12-01,D,Eve Fuel,REG,15774.0,3,1,1,12,2022,-2.4492935982947064e-16,1.0,16131.0,15028.0,15177.0,15445.333333333334
2022-04-01,D,Eve Fuel,ULSD,21332.0,3,1,2,4,2022,0.8660254037844387,-0.4999999999999998,21047.0,20908.0,19857.0,20604.0
2022-05-01,D,Eve Fuel,ULSD,19106.0,3,1,2,5,2022,0.49999999999999994,-0.8660254037844387,21332.0,21047.0,20908.0,21095.666666666668
2022-06-01,D,Eve Fuel,ULSD,19938.0,3,1,2,6,2022,1.2246467991473532e-16,-1.0,19106.0,21332.0,21047.0,20495.0
2022-07-01,D,Eve Fuel,ULSD,19666.0,3,1,2,7,2022,-0.4999999999999997,-0.8660254037844388,19938.0,19106.0,21332.0,20125.333333333332
2022-08-01,D,Eve Fuel,ULSD,18817.0,3,1,2,8,2022,-0.8660254037844385,-0.5000000000000004,19666.0,19938.0,19106.0,19570.0
2022-09-01,D,Eve Fuel,ULSD,17792.0,3,1,2,9,2022,-1.0,-1.8369701987210297e-16,18817.0,19666.0,19938.0,19473.666666666668
2022-10-01,D,Eve Fuel,ULSD,19084.0,3,1,2,10,2022,-0.8660254037844386,0.5000000000000001,17792.0,18817.0,19666.0,18758.333333333332
2022-11-01,D,Eve Fuel,ULSD,19147.0,3,1,2,11,2022,-0.5000000000000004,0.8660254037844384,19084.0,17792.0,18817.0,18564.333333333332
2022-12-01,D,Eve Fuel,ULSD,20160.0,3,1,2,12,2022,-2.4492935982947064e-16,1.0,19147.0,19084.0,17792.0,18674.333333333332
2022-04-01,D,Johnny Pop,PREM,5292.0,3,2,0,4,2022,0.8660254037844387,-0.4999999999999998,5672.0,5628.0,5396.0,5565.333333333333
2022-05-01,D,Johnny Pop,PREM,5684.0,3,2,0,5,2022,0.49999999999999994,-0.8660254037844387,5292.0,5672.0,5628.0,5530.666666666667
2022-06-01,D,Johnny Pop,PREM,5397.0,3,2,0,6,2022,1.2246467991473532e-16,-1.0,5684.0,5292.0,5672.0,5549.333333333333
2022-07-01,D,Johnny Pop,PREM,5510.0,3,2,0,7,2022,-0.4999999999999997,-0.8660254037844388,5397.0,5684.0,5292.0,5457.666666666667
2022-08-01,D,Johnny Pop,PREM,5256.0,3,2,0,8,2022,-0.8660254037844385,-0.5000000000000004,5510.0,5397.0,5684.0,5530.333333333333
2022-09-01,D,Johnny Pop,PREM,4998.0,3,2,0,9,2022,-1.0,-1.8369701987210297e-16,5256.0,5510.0,5397.0,5387.666666666667
2022-10-01,D,Johnny Pop,PREM,5124.0,3,2,0,10,2022,-0.8660254037844386,0.5000000000000001,4998.0,5256.0,5510.0,5254.666666666667
2022-11-01,D,Johnny Pop,PREM,5267.0,3,2,0,11,2022,-0.5000000000000004,0.8660254037844384,5124.0,4998.0,5256.0,5126.0
2022-12-01,D,Johnny Pop,PREM,5419.0,3,2,0,12,2022,-2.4492935982947064e-16,1.0,5267.0,5124.0,4998.0,5129.666666666667
2022-04-01,D,Johnny Pop,REG,13467.0,3,2,1,4,2022,0.8660254037844387,-0.4999999999999998,13137.0,13370.0,12994.0,13167.0
2022-05-01,D,Johnny Pop,REG,12951.0,3,2,1,5,2022,0.49999999999999994,-0.8660254037844387,13467.0,13137.0,13370.0,13324.666666666666
2022-06-01,D,Johnny Pop,REG,13393.0,3,2,1,6,2022,1.2246467991473532e-16,-1.0,12951.0,13467.0,13137.0,13185.0
2022-07-01,D,Johnny Pop,REG,12082.0,3,2,1,7,2022,-0.4999999999999997,-0.8660254037844388,13393.0,12951.0,13467.0,13270.333333333334
2022-08-01,D,Johnny Pop,REG,11422.0,3,2,1,8,2022,-0.8660254037844385,-0.5000000000000004,12082.0,13393.0,12951.0,12808.666666666666
2022-09-01,D,Johnny Pop,REG,11576.0,3,2,1,9,2022,-1.0,-1.8369701987210297e-16,11422.0,12082.0,13393.0,12299.0
2022-10-01,D,Johnny Pop,REG,12094.0,3,2,1,10,2022,-0.8660254037844386,0.5000000000000001,11576.0,11422.0,12082.0,11693.333333333334
2022-11-01,D,Johnny Pop,REG,12927.0,3,2,1,11,2022,-0.5000000000000004,0.8660254037844384,12094.0,11576.0,11422.0,11697.333333333334
2022-12-01,D,Johnny Pop,REG,12788.0,3,2,1,12,2022,-2.4492935982947064e-16,1.0,12927.0,12094.0,11576.0,12199.0
2022-04-01,D,Johnny Pop,ULSD,16934.0,3,2,2,4,2022,0.8660254037844387,-0.4999999999999998,17429.0,17858.0,16376.0,17221.0
2022-05-01,D,Johnny Pop,ULSD,16529.0,3,2,2,5,2022,0.49999999999999994,-0.8660254037844387,16934.0,17429.0,17858.0,17407.0
2022-06-01,D,Johnny Pop,ULSD,15496.0,3,2,2,6,2022,1.2246467991473532e-16,-1.0,16529.0,16934.0,17429.0,16964.0
2022-07-01,D,Johnny Pop,ULSD,15289.0,3,2,2,7,2022,-0.4999999999999997,-0.8660254037844388,15496.0,16529.0,16934.0,16319.666666666666
2022-08-01,D,Johnny Pop,ULSD,15784.0,3,2,2,8,2022,-0.8660254037844385,-0.5000000000000004,15289.0,15496.0,16529.0,15771.333333333334
2022-09-01,D,Johnny Pop,ULSD,14639.0,3,2,2,9,2022,-1.0,-1.8369701987210297e-16,15784.0,15289.0,15496.0,15523.0
2022-10-01,D,Johnny Pop,ULSD,15285.0,3,2,2,10,2022,-0.8660254037844386,0.5000000000000001,14639.0,15784.0,15289.0,15237.333333333334
2022-11-01,D,Johnny Pop,ULSD,14517.0,3,2,2,11,2022,-0.5000000000000004,0.8660254037844384,15285.0,14639.0,15784.0,15236.0
2022-12-01,D,Johnny Pop,ULSD,15578.0,3,2,2,12,2022,-2.4492935982947064e-16,1.0,14517.0,15285.0,14639.0,14813.666666666666
2022-04-01,D,Rack,PREM,1605.0,3,3,0,4,2022,0.8660254037844387,-0.4999999999999998,1704.0,1600.0,1582.0,1628.6666666666667
2022-05-01,D,Rack,PREM,1567.0,3,3,0,5,2022,0.49999999999999994,-0.8660254037844387,1605.0,1704.0,1600.0,1636.3333333333333
2022-06-01,D,Rack,PREM,1463.0,3,3,0,6,2022,1.2246467991473532e-16,-1.0,1567.0,1605.0,1704.0,1625.3333333333333
2022-07-01,D,Rack,PREM,1465.0,3,3,0,7,2022,-0.4999999999999997,-0.8660254037844388,1463.0,1567.0,1605.0,1545.0
2022-08-01,D,Rack,PREM,1483.0,3,3,0,8,2022,-0.8660254037844385,-0.5000000000000004,1465.0,1463.0,1567.0,1498.3333333333333
2022-09-01,D,Rack,PREM,1400.0,3,3,0,9,2022,-1.0,-1.8369701987210297e-16,1483.0,1465.0,1463.0,1470.3333333333333
2022-10-01,D,Rack,PREM,1451.0,3,3,0,10,2022,-0.8660254037844386,0.5000000000000001,1400.0,1483.0,1465.0,1449.3333333333333
2022-11-01,D,Rack,PREM,1456.0,3,3,0,11,2022,-0.5000000000000004,0.8660254037844384,1451.0,1400.0,1483.0,1444.6666666666667
2022-12-01,D,Rack,PREM,1497.0,3,3,0,12,2022,-2.4492935982947064e-16,1.0,1456.0,1451.0,1400.0,1435.6666666666667
2022-04-01,D,Rack,REG,3956.0,3,3,1,4,2022,0.8660254037844387,-0.4999999999999998,3772.0,3695.0,3765.0,3744.0
2022-05-01,D,Rack,REG,3691.0,3,3,1,5,2022,0.49999999999999994,-0.8660254037844387,3956.0,3772.0,3695.0,3807.6666666666665
2022-06-01,D,Rack,REG,3560.0,3,3,1,6,2022,1.2246467991473532e-16,-1.0,3691.0,3956.0,3772.0,3806.3333333333335
2022-07-01,D,Rack,REG,3508.0,3,3,1,7,2022,-0.4999999999999997,-0.8660254037844388,3560.0,3691.0,3956.0,3735.6666666666665
2022-08-01,D,Rack,REG,3576.0,3,3,1,8,2022,-0.8660254037844385,-0.5000000000000004,3508.0,3560.0,3691.0,3586.3333333333335
2022-09-01,D,Rack,REG,3318.0,3,3,1,9,2022,-1.0,-1.8369701987210297e-16,3576.0,3508.0,3560.0,3548.0
2022-10-01,D,Rack,REG,3514.0,3,3,1,10,2022,-0.8660254037844386,0.5000000000000001,3318.0,3576.0,3508.0,3467.3333333333335
2022-11-01,D,Rack,REG,3742.0,3,3,1,11,2022,-0.5000000000000004,0.8660254037844384,3514.0,3318.0,3576.0,3469.3333333333335
2022-12-01,D,Rack,REG,3558.0,3,3,1,12,2022,-2.4492935982947064e-16,1.0,3742.0,3514.0,3318.0,3524.6666666666665
2022-04-01,D,Rack,ULSD,4791.0,3,3,2,4,2022,0.8660254037844387,-0.4999999999999998,4618.0,4684.0,4369.0,4557.0
2022-05-01,D,Rack,ULSD,4526.0,3,3,2,5,2022,0.49999999999999994,-0.8660254037844387,4791.0,4618.0,4684.0,4697.666666666667
2022-06-01,D,Rack,ULSD,4471.0,3,3,2,6,2022,1.2246467991473532e-16,-1.0,4526.0,4791.0,4618.0,4645.0
2022-07-01,D,Rack,ULSD,4455.0,3,3,2,7,2022,-0.4999999999999997,-0.8660254037844388,4471.0,4526.0,4791.0,4596.0
2022-08-01,D,Rack,ULSD,4231.0,3,3,2,8,2022,-0.8660254037844385,-0.5000000000000004,4455.0,4471.0,4526.0,4484.0
2022-09-01,D,Rack,ULSD,4159.0,3,3,2,9,2022,-1.0,-1.8369701987210297e-16,4231.0,4455.0,4471.0,4385.666666666667
2022-10-01,D,Rack,ULSD,4195.0,3,3,2,10,2022,-0.8660254037844386,0.5000000000000001,4159.0,4231.0,4455.0,4281.666666666667
2022-11-01,D,Rack,ULSD,4479.0,3,3,2,11,2022,-0.5000000000000004,0.8660254037844384,4195.0,4159.0,4231.0,4195.0
2022-12-01,D,Rack,ULSD,4729.0,3,3,2,12,2022,-2.4492935982947064e-16,1.0,4479.0,4195.0,4159.0,4277.666666666667
2022-04-01,D,Unbranded Fuel,PREM,6136.0,3,4,0,4,2022,0.8660254037844387,-0.4999999999999998,6250.0,6474.0,6211.0,6311.666666666667
2022-05-01,D,Unbranded Fuel,PREM,6300.0,3,4,0,5,2022,0.49999999999999994,-0.8660254037844387,6136.0,6250.0,6474.0,6286.666666666667
2022-06-01,D,Unbranded Fuel,PREM,6058.0,3,4,0,6,2022,1.2246467991473532e-16,-1.0,6300.0,6136.0,6250.0,6228.666666666667
2022-07-01,D,Unbranded Fuel,PREM,6057.0,3,4,0,7,2022,-0.4999999999999997,-0.8660254037844388,6058.0,6300.0,6136.0,6164.666666666667
2022-08-01,D,Unbranded Fuel,PREM,6270.0,3,4,0,8,2022,-0.8660254037844385,-0.5000000000000004,6057.0,6058.0,6300.0,6138.333333333333
2022-09-01,D,Unbranded Fuel,PREM,5872.0,3,4,0,9,2022,-1.0,-1.8369701987210297e-16,6270.0,6057.0,6058.0,6128.333333333333
2022-10-01,D,Unbranded Fuel,PREM,5664.0,3,4,0,10,2022,-0.8660254037844386,0.5000000000000001,5872.0,6270.0,6057.0,6066.333333333333
2022-11-01,D,Unbranded Fuel,PREM,5885.0,3,4,0,11,2022,-0.5000000000000004,0.8660254037844384,5664.0,5872.0,6270.0,5935.333333333333
2022-12-01,D,Unbranded Fuel,PREM,5935.0,3,4,0,12,2022,-2.4492935982947064e-16,1.0,5885.0,5664.0,5872.0,5807.0
2022-04-01,D,Unbranded Fuel,REG,14576.0,3,4,1,4,2022,0.8660254037844387,-0.4999999999999998,15116.0,15966.0,14874.0,15318.666666666666
2022-05-01,D,Unbranded Fuel,REG,14979.0,3,4,1,5,2022,0.49999999999999994,-0.8660254037844387,14576.0,15116.0,15966.0,15219.333333333334
2022-06-01,D,Unbranded Fuel,REG,14182.0,3,4,1,6,2022,1.2246467991473532e-16,-1.0,14979.0,14576.0,15116.0,14890.333333333334
2022-07-01,D,Unbranded Fuel,REG,14426.0,3,4,1,7,2022,-0.4999999999999997,-0.8660254037844388,14182.0,14979.0,14576.0,14579.0
2022-08-01,D,Unbranded Fuel,REG,14192.0,3,4,1,8,2022,-0.8660254037844385,-0.5000000000000004,14426.0,14182.0,14979.0,14529.0
2022-09-01,D,Unbranded Fuel,REG,13046.0,3,4,1,9,2022,-1.0,-1.8369701987210297e-16,14192.0,14426.0,14182.0,14266.666666666666
2022-10-01,D,Unbranded Fuel,REG,13769.0,3,4,1,10,2022,-0.8660254037844386,0.5000000000000001,13046.0,14192.0,14426.0,13888.0
2022-11-01,D,Unbranded Fuel,REG,13433.0,3,4,1,11,2022,-0.5000000000000004,0.8660254037844384,13769.0,13046.0,14192.0,13669.0
2022-12-01,D,Unbranded Fuel,REG,14421.0,3,4,1,12,2022,-2.4492935982947064e-16,1.0,13433.0,13769.0,13046.0,13416.0
2022-04-01,D,Unbranded Fuel,ULSD,18376.0,3,4,2,4,2022,0.8660254037844387,-0.4999999999999998,18761.0,18925.0,18640.0,18775.333333333332
2022-05-01,D,Unbranded Fuel,ULSD,18606.0,3,4,2,5,2022,0.49999999999999994,-0.8660254037844387,18376.0,18761.0,18925.0,18687.333333333332
2022-06-01,D,Unbranded Fuel,ULSD,17612.0,3,4,2,6,2022,1.2246467991473532e-16,-1.0,18606.0,18376.0,18761.0,18581.0
2022-07-01,D,Unbranded Fuel,ULSD,17613.0,3,4,2,7,2022,-0.4999999999999997,-0.8660254037844388,17612.0,18606.0,18376.0,18198.0
2022-08-01,D,Unbranded Fuel,ULSD,16947.0,3,4,2,8,2022,-0.8660254037844385,-0.5000000000000004,17613.0,17612.0,18606.0,17943.666666666668
2022-09-01,D,Unbranded Fuel,ULSD,17233.0,3,4,2,9,2022,-1.0,-1.8369701987210297e-16,16947.0,17613.0,17612.0,17390.666666666668
2022-10-01,D,Unbranded Fuel,ULSD,17650.0,3,4,2,10,2022,-0.8660254037844386,0.5000000000000001,17233.0,16947.0,17613.0,17264.333333333332
2022-11-01,D,Unbranded Fuel,ULSD,17428.0,3,4,2,11,2022,-0.5000000000000004,0.8660254037844384,17650.0,17233.0,16947.0,17276.666666666668
2022-12-01,D,Unbranded Fuel,ULSD,16876.0,3,4,2,12,2022,-2.4492935982947064e-16,1.0,17428.0,17650.0,17233.0,17437.0
